order_id,tracking_no,shipment_status,shipment_notes,product_code,container_code,ordered_by,product_amount,origin_port,dest_port,order_date,ship_date,est_travel_arr
8717,384577,Canceled,"['Theory choose just another add.', 'Somebody soon term these boy general group.', 'Seem he real collection course eight sport.']",450,677,173,333,Burntisland,Funchal,2025-04-23,2025-05-13,2025-04-18
9397,214687,Held In Customs,"['Worker purpose value arrive.', 'Evidence book future hope order.', 'Body anyone activity notice decade since fear.']",5012,208,907,1356,Sorvagur,Casilda,2025-01-11,2025-03-06,2025-03-21
346,554807,Loading,"['Raise most general national experience tell matter.', 'Professional mouth cause question.', 'Project keep or local detail new.']",6370,290,568,641,Inkoo,Rognan,2025-03-16,2025-01-07,2025-01-14
7811,735500,Canceled,"['Great artist such notice beautiful carry.', 'Condition first voice television behind stop.', 'By administration rate building social.']",728,7,936,111,Rognan,Finnsnes,2025-01-26,2025-01-06,2025-03-25
1074,431313,Unloading,"['Black perhaps book girl culture receive hard either.', 'Detail develop field truth stay.', 'Treatment become eye after bring computer into.']",5650,906,282,233,Alderney Harbour,Bahia De Fajardo,2025-01-06,2025-02-07,2025-03-19
8595,630562,Canceled,"['Decade fall discussion anything only mention tell.', 'Personal sell others term ground.', 'Win sort paper election bank next result.']",1126,978,907,252,Fauske,Santa Marta,2025-02-13,2025-04-28,2025-01-29
1248,643508,Canceled,"['Put admit measure group.', 'Hold agree budget old.', 'Simple out production draw old.']",3286,920,1,529,Sochi,Harlingen,2025-03-22,2025-04-21,2025-05-11
93,554474,Canceled,"['Sea do during industry product industry.', 'Out drug own heart entire final pass experience.', 'Hundred well describe decision left today experience peace.']",1310,936,1,274,Blyth,Kokkola,2025-02-23,2025-02-26,2025-02-16
8202,247528,Canceled,"['Very within reflect box.', 'Develop visit evening spring movement dog every.', 'Answer attack wall system across fill.']",2872,295,311,496,Mys Abram,Loksa,2025-01-21,2025-05-10,2025-01-08
3602,16935,Held In Customs,"['Win officer note contain there level chair.', 'Race pass run answer.', 'Message high foot explain.']",6361,673,16,221,Portree Harbor,Cadiz,2025-01-05,2025-05-07,2025-01-09
5490,72229,Disembarked,"['It product word cultural soldier.', 'Both plant always bed development.', 'Develop easy phone garden.']",9426,927,531,1215,Funchal,Pargas,2025-05-02,2025-04-18,2025-01-20
2279,110972,Disembarked,"['Kitchen professor instead in.', 'Tonight never professional ask similar five.', 'Agency yet see about.']",4081,213,779,225,Basarabi,Brattholmen,2025-03-09,2025-01-03,2025-04-11
3030,459103,Unloading,"['Billion put news trial for form.', 'World would laugh color.', 'Many here cultural age.']",2907,677,284,68,South Ness,Fishguard,2025-04-12,2025-02-24,2025-03-26
8697,454609,Loading,"['Seek political share trouble large speech case with.', 'Buy others stock day.', 'Risk they might money talk phone public carry.']",161,6,583,917,Gabes,Perth,2025-02-23,2025-03-07,2025-02-12
5587,205481,Held In Customs,"['Explain score save shoulder.', 'Use nature show.', 'Discussion anything actually indicate parent form per.']",5650,937,309,659,Kokkola,Port Talbot,2025-01-09,2025-03-16,2025-03-26
9812,498966,Disembarked,"['Arm option chance safe amount.', 'Because son half soldier cost.', 'War great Congress sign to stage name.']",2872,290,129,282,Kjerringoy,Tonsberg,2025-02-20,2025-02-06,2025-02-01
6716,368686,Disembarked,"['Article hard person.', 'Song represent service toward.', 'Send suddenly not matter.']",5838,933,485,742,Lakselv,Andalsnes,2025-03-21,2025-03-22,2025-01-28
4728,421779,Disembarked,"['Claim present morning admit short certain share human.', 'Despite forget way free girl improve.', 'Growth government minute from yourself administration.']",8472,290,16,640,Aultbea,Bronnoysund,2025-01-14,2025-01-19,2025-04-20
7769,740798,Canceled,"['Hard catch grow senior expert measure employee.', 'Choose require they beyond report avoid past.', 'Manager throughout physical prevent pass point.']",3322,928,374,1188,Norrkoping,Lakselv,2025-03-26,2025-02-26,2025-04-02
1377,194879,Held In Customs,"['Day cell catch consider our tax agent sport.', 'Rate son sign fast character street.', 'Car body help sure simple raise pick.']",8819,978,873,860,Ensenada Honda,Bruges,2025-01-29,2025-04-10,2025-04-21
5200,197992,Disembarked,"['Arm item understand general.', 'Already purpose away.', 'Since education above teach cost forward thus mother.']",2028,909,76,493,Milos,Tiksi,2025-03-23,2025-02-18,2025-02-04
223,58102,In Transit,"['Light but deep himself add.', 'Budget ability themselves thus history without.', 'Heavy play job field PM.']",2696,932,180,1338,Reni,Millport,2025-04-05,2025-02-12,2025-05-05
3024,664915,Held In Customs,"['Reason money animal success real race institution.', 'Subject contain thought Congress call result.', 'Chair walk turn.']",3322,671,243,582,Sheerness,Novorossiysk,2025-02-22,2025-03-04,2025-04-22
6737,731999,Canceled,"['Blood campaign professor onto.', 'Town design enjoy street.', 'Hit air organization alone.']",8472,671,184,1363,Rauma,Haderslev,2025-03-24,2025-04-17,2025-03-05
3822,337683,Held In Customs,"['Human travel growth.', 'Any seek my.', 'Vote activity good serious price mean.']",4081,291,963,1488,Khios,Puerto De Carboneras,2025-03-03,2025-02-28,2025-04-17
7519,125855,Disembarked,"['Care bar where child watch political.', 'Up land fill town game program not.', 'Level teach seek your live consider.']",3133,5,544,627,Emden,Dunbar,2025-04-25,2025-03-12,2025-01-08
3215,233560,Canceled,"['Popular natural attorney.', 'Sense but mouth thousand during national.', 'Defense experience appear same.']",8529,6,663,476,Vlissingen,Liverpool,2025-05-08,2025-02-27,2025-05-12
2224,891430,In Transit,"['Walk very side black identify.', 'Finish answer building agreement task certain different.', 'It explain language according receive most.']",4081,928,704,167,Belgorod-Dnestrovsky,Crinan (Canal),2025-02-07,2025-04-17,2025-03-04
3276,108250,Shipped,"['Star young piece form.', 'Campaign store north want.', 'Oil magazine best never future often law.']",5868,989,548,1399,Lesogorsk,Harlingen,2025-01-26,2025-01-01,2025-03-13
544,256144,Shipped,"['Four still red stock yeah machine health.', 'Entire tell treat market join chance just.', 'Already market government section never.']",2147,949,230,822,Rodhos,Storsteilene,2025-04-07,2025-01-25,2025-03-27
6453,431868,Held In Customs,"['Blue far actually rich wear anyone know.', 'Source painting accept citizen interview rest too.', 'Parent author very half once during.']",3817,932,833,961,Pos'yet,Sanchez,2025-04-06,2025-05-05,2025-03-01
7916,921312,Shipped,"['Citizen save career number chair.', 'Past machine exactly of.', 'Way sign professor federal.']",6679,292,282,1183,Tolkkinen,Skadovs'k,2025-02-08,2025-01-20,2025-05-02
8287,612448,In Transit,"['Finally top their commercial hear east physical.', 'Out suffer child walk help same.', 'Consumer whole sound class friend day.']",914,901,809,410,Reni,Blaye,2025-01-17,2025-01-25,2025-04-15
7781,167757,Canceled,"['Recently read step interview son thank.', 'Too art though grow human most report thus.', 'Fine admit item set seem could training.']",1924,923,388,225,Kilroot,Kilroot,2025-03-15,2025-03-29,2025-05-11
1792,524046,Canceled,"['Certainly role phone final event ask huge.', 'Together history put history.', 'Campaign light hot summer respond age.']",9006,904,32,518,Rethimnon,Kristiansund,2025-02-28,2025-03-03,2025-03-20
4152,211938,Loading,"['Seven student central.', 'Wonder recent sit accept.', 'Great according pull her choice decide top business.']",2846,935,713,1360,Bukhta Vanino,Hamburg,2025-04-06,2025-01-05,2025-03-09
5126,152763,Disembarked,"['Center each management car manager environmental they.', 'Go four response radio.', 'Shoulder professional music nation city Democrat be.']",3660,902,380,325,Portsmouth,Sulina,2025-03-23,2025-01-25,2025-03-25
7712,474175,Shipped,"['Top child manage cold together.', 'What step yet necessary however who among.', 'Teach back do response.']",3286,942,255,136,Bristol,Hals,2025-02-02,2025-04-25,2025-02-14
3699,278376,In Transit,"['Voice exist project job response focus system no.', 'You even find sort.', 'Another PM training pick memory.']",8390,3,963,334,Stornoway Harbor,Tekirdag,2025-02-17,2025-01-14,2025-02-03
5862,659033,Disembarked,"['Set seek difficult.', 'Dark force indeed music mother rock.', 'Employee sign product research respond growth job.']",2979,902,902,1267,Puerto De Alcudia,Raahe,2025-03-02,2025-05-09,2025-04-19
3807,724716,Loading,"['Friend dinner child it ability.', 'Dark fast such subject we inside.', 'Simple likely process claim sure audience different.']",6023,209,341,886,Erdek,Lochboisdale,2025-04-22,2025-04-03,2025-04-12
9925,732067,Loading,"['Which although game foot herself either American.', 'Test agree each whose but speech.', 'Memory cold bit fact think.']",2755,295,308,527,Kotka,Sete,2025-01-12,2025-03-29,2025-04-23
9890,184051,Canceled,"['Program pretty box.', 'Agency yet strong project tough between.', 'Several company eat determine result.']",3384,212,265,396,Bekkeri,Almeria,2025-02-05,2025-01-14,2025-04-27
6094,67959,Unloading,"['Total per part idea.', 'Kid ago yet election.', 'Pm however anything his evidence.']",9044,921,306,176,Bullen Baai,Neuhaus,2025-03-01,2025-04-05,2025-03-08
5647,624656,Shipped,"['Answer wait should.', 'Inside itself member morning market drive instead.', 'Quickly miss myself decade ball.']",3993,939,58,182,Iraklion,Cardiff,2025-03-01,2025-03-14,2025-04-20
5318,178181,In Transit,"['News even office.', 'By environment all job where.', 'Age say hold point crime be.']",3322,670,284,776,Rize,Bandholm,2025-03-28,2025-03-24,2025-05-04
6486,516373,Disembarked,"['Respond down occur.', 'Light often several case prevent memory.', 'Pretty poor world fire point range seek.']",3181,903,684,779,Skrova Havn,Marseille,2025-05-05,2025-04-02,2025-05-09
839,187939,Canceled,"['Still pressure card visit church reach.', 'Growth investment happen.', 'Subject step claim seek even need.']",4395,997,704,1341,Turbo,Elsfleth,2025-04-14,2025-04-03,2025-02-23
7319,814816,Shipped,"['Perform film remember act recognize over.', 'High answer issue local change enough voice.', 'Clearly throughout stock along two better down sea.']",1894,295,737,360,Holyhead,Illichivsk,2025-04-09,2025-01-23,2025-02-17
8045,558915,In Transit,"['Once house imagine us because general experience.', 'Return officer will rock financial research send.', 'Poor do really history.']",2207,209,651,986,Burghead,Mykolayiv,2025-03-02,2025-01-21,2025-05-02
2087,304081,Disembarked,"['Participant but either nice shoulder operation late.', 'Record allow tell between lot attention.', 'Less teach fact.']",4040,212,238,378,Grangemouth,Gustavia,2025-01-07,2025-03-25,2025-03-30
3037,560837,In Transit,"['Southern social leg nearly such notice.', 'Political decision another boy wonder agency.', 'Activity part our they when piece.']",4925,4,670,386,Grenaa Havn,Mamonal,2025-01-25,2025-04-13,2025-03-07
6755,175500,In Transit,"['Popular decision teach computer.', 'Fish state hundred industry environment involve simply.', 'Seven hair condition notice data front fall.']",1803,6,490,1184,Wismar,Nakskov,2025-02-06,2025-04-09,2025-02-04
542,49970,Shipped,"['Money so drug candidate.', 'Town pick husband among million remember.', 'Certain memory summer responsibility.']",7477,3,712,1221,Steinkjer,Nuevitas Bay,2025-04-22,2025-03-15,2025-02-03
9262,752032,Loading,"['Bad trade month cause yourself.', 'Case record than me often machine.', 'Cut represent consumer fish.']",5962,5,246,1417,Flekkefjorden,Las Calderas,2025-03-06,2025-05-09,2025-03-12
3582,26299,Unloading,"['Office whose security hard product.', 'Office half know candidate color single.', 'Couple but maybe poor environment.']",2696,935,920,919,Buenaventura,Ronneby,2025-03-08,2025-05-04,2025-03-14
5600,12011,Loading,"['Physical drug artist stuff official live treatment serious.', 'Any read price security international figure need far.', 'Bed technology national difference decade ever phone.']",6740,670,354,374,Aguadilla,Ormos Aliveriou,2025-04-17,2025-03-10,2025-04-09
5798,154894,Disembarked,"['Entire peace magazine economic in design.', 'Involve long side last reach.', 'Evidence base hour rock yard site whom.']",3455,295,166,822,Dunkerque Port Ouest,Moldtustranda,2025-02-18,2025-05-06,2025-01-25
2883,752949,Shipped,"['Shoulder charge interesting threat ahead season.', 'So watch often pick development green.', 'First care do month international opportunity along even.']",759,956,176,1247,Muruvik,Inkoo,2025-03-24,2025-04-22,2025-03-19
5039,337620,Canceled,"['Which long from hand level per.', 'Way money ever.', 'Loss work teacher already start market my learn.']",577,904,0,1225,Portland Harbour,Batsfjorden,2025-01-17,2025-03-16,2025-04-30
291,948166,Held In Customs,"['Build wife management official sort.', 'Probably north new pass south soon.', 'Small democratic full alone coach home.']",4898,956,117,704,Moskal Vo,Kobenhavn,2025-03-06,2025-02-16,2025-02-22
1265,779513,Disembarked,"['Staff state goal price.', 'West hold country.', 'Who mother peace real easy bank.']",5894,909,347,1142,Constanta,Hunterston,2025-01-30,2025-01-22,2025-05-10
5635,7542,In Transit,"['Their bad clear power condition.', 'Pick like suffer month response.', 'Decision especially test board increase low bag.']",1803,3,192,89,Karlshamn,Puerto De Gandia,2025-03-13,2025-04-01,2025-01-20
7116,949698,Shipped,"['Notice although right work yard.', 'Set born sister.', 'However apply information people.']",5620,6,255,829,Honningsvag,Sevastopol,2025-05-02,2025-04-10,2025-03-08
8113,210648,Held In Customs,"['Strategy food develop final.', 'Ask condition around teach throw up.', 'Board control former base.']",8689,213,67,54,Liverpool,Guayabal,2025-01-17,2025-03-03,2025-04-10
4794,484999,Loading,"['Season again nature assume member could third.', 'Provide hard avoid computer learn protect.', 'Yourself grow last risk usually risk anything.']",1823,942,347,290,Stusvik,Kappeln,2025-01-21,2025-05-06,2025-01-15
3950,134938,In Transit,"['Financial material watch especially important.', 'Door plant operation learn enjoy simply part.', 'Knowledge could beautiful appear region.']",7523,904,711,243,Mamonal,Tunis,2025-02-24,2025-02-08,2025-04-12
4801,80538,Held In Customs,"['Especially stage form late.', 'Let black other player both and bit.', 'Collection world Mr.']",6815,941,873,1105,Kyleakin,Parnu,2025-02-05,2025-01-18,2025-01-14
8068,878073,Disembarked,"['Impact anything manage computer read.', 'Where as mouth reach radio five girl.', 'Skin report look alone.']",9426,937,51,1041,Port Louis,Kragero,2025-01-14,2025-02-23,2025-02-03
1941,378240,Disembarked,"['Shoulder way common down yard in card.', 'Energy star piece.', 'Get realize risk the.']",3144,941,27,62,Vardo,Obbola,2025-05-05,2025-04-14,2025-02-15
488,382839,In Transit,"['Live camera partner expect break.', 'Modern chance much job.', 'Everyone federal everyone account.']",8893,295,944,1211,Utansjo,Svolvaer,2025-01-02,2025-03-19,2025-04-21
5015,652588,Canceled,"['Owner article story after value fire role.', 'First blood win fish reveal hit run.', 'Rich American including miss.']",4366,680,601,809,Rota,Newhaven Harbour,2025-03-03,2025-04-20,2025-01-11
9900,872092,Shipped,"['Half yeah speak home federal teach.', 'Court believe child nature.', 'Eye fight environmental beyond property.']",2551,7,418,249,Las Mareas,Rodhos,2025-04-16,2025-04-25,2025-05-07
2037,829159,In Transit,"['Choose line church lot.', 'Rest concern soldier wear air build.', 'Poor color world these her gun never.']",5012,935,800,1032,Bonifacio,Toros Gubre,2025-04-26,2025-02-05,2025-04-19
4148,282795,Held In Customs,"['Character others ok like.', 'From front once when against.', 'To door until suggest growth.']",8387,674,944,406,Port Dikson,Haroysund,2025-05-08,2025-03-10,2025-02-15
5541,887138,Canceled,"['Concern traditional full third carry about into.', 'Measure lawyer small gas environmental.', 'Paper different home.']",4264,909,757,471,Narvik,Domsjo,2025-04-16,2025-02-25,2025-03-24
9185,490535,In Transit,"['Hit radio music station firm.', 'Computer box light.', 'Growth woman trouble crime above want professor.']",310,997,203,1217,Defterdar Burnu,Bukhta Gaydamak,2025-04-24,2025-03-03,2025-02-19
851,71393,Canceled,"['Rather now fall throughout third toward strategy people.', 'Among trouble church scene catch star know.', 'Trade leave garden thus drop person car.']",9179,941,282,887,Hamburg,Nikol Skoye,2025-03-15,2025-04-18,2025-05-14
7912,283028,Held In Customs,"['Baby model property option something effect radio write.', 'Natural north stage foot term sell apply.', 'Own travel physical computer hot price.']",2846,932,787,740,Puerto De Alcudia,Illichivsk,2025-04-26,2025-03-03,2025-04-17
8226,266622,Canceled,"['Seem debate body campaign exactly event.', 'Necessary run cause.', 'Despite court question choice industry education.']",3286,920,172,261,Antwerpen,New Holland,2025-04-15,2025-05-13,2025-03-15
2072,503152,In Transit,"['Administration represent its leave of I.', 'Response prepare data history financial type black.', 'Help entire during themselves door floor.']",5894,956,960,1262,Port Nador,Essaouira,2025-03-08,2025-04-16,2025-01-08
697,417193,Shipped,"['Them sea direction head.', 'Mention rich hundred land only.', 'Item seek wall already live yard suddenly story.']",9429,956,617,1057,Klintehamn,Kramfors,2025-03-24,2025-02-07,2025-04-01
945,611992,Loading,"['Travel never day Congress month.', 'Identify phone for reach guess one specific away.', 'Visit attention during time.']",3817,212,360,1190,Vlores,Skaerbaek,2025-05-14,2025-03-04,2025-04-11
3648,788413,Unloading,"['More rich range movement sing have member.', 'Moment positive air fear clearly listen.', 'Free side base each phone.']",2398,291,168,1192,Mys Abram,Puerto Del Rosario,2025-02-01,2025-01-13,2025-03-27
2696,521554,Unloading,"['Serious investment area certain community base.', 'Stop determine real least ahead leader.', 'Build sure laugh eat east development seem follow.']",2979,941,87,893,Zaandam,Antwerpen,2025-01-30,2025-02-09,2025-02-06
2339,648269,Shipped,"['Agent dog door mind company those.', 'Fine worry all certain process.', 'Cover American time along.']",2245,928,982,1104,Gluckstadt,Hals,2025-03-01,2025-02-19,2025-01-15
1745,388854,Disembarked,"['Rest official there commercial.', 'Effort health civil rock rock Mr.', 'Actually over person conference.']",5459,935,182,804,Adler,Praia De Vitoria,2025-03-05,2025-02-17,2025-04-24
5732,219553,In Transit,"['Specific among option boy can month key.', 'Pass myself century physical beyond author.', 'Receive significant worker just.']",1220,927,63,313,Haydarpasa,Nice,2025-02-06,2025-03-16,2025-04-13
5559,364760,Loading,"['Even debate total drug maybe mouth represent.', 'Mention last hot court own style note.', 'Kid single very TV.']",968,906,793,289,Sonderborg,Argostolion,2025-01-25,2025-04-23,2025-05-02
9100,315874,Canceled,"['Challenge nor real matter.', 'Community scientist ok sound.', 'Purpose seat from seven.']",2671,680,176,1351,Haroysund,Vejle,2025-01-06,2025-05-09,2025-02-26
395,260692,Shipped,"['Together trade anyone.', 'Year paper thus give level.', 'Large nice rate billion item leg phone.']",9273,937,525,1072,Palma De Mallorca,Haderslev,2025-04-25,2025-03-28,2025-02-24
1512,390874,In Transit,"['Entire themselves dream.', 'Lead central today two fall race.', 'Scientist agent member environment impact.']",2028,5,415,683,Gibostad,Alexandroupoli,2025-01-13,2025-01-10,2025-01-12
2156,99468,In Transit,"['Involve policy near camera shake we collection fall.', 'Sort best reveal thought.', 'When environment job then.']",2147,942,597,410,Corpach,Malaga,2025-01-22,2025-04-19,2025-04-23
4644,333055,In Transit,"['Director fund safe little none where office.', 'Car half attention perform yard history close without.', 'World theory as plant word whole.']",5691,905,631,186,Samos,Moskal Vo,2025-02-08,2025-04-09,2025-01-06
3742,683520,Loading,"['Condition scene else now few leg stuff.', 'Under along personal similar picture baby.', 'Side series carry.']",3133,5,877,16,Hanko,Lagos,2025-03-24,2025-01-21,2025-05-10
4476,496279,Loading,"['Man decade suffer stand.', 'Rise sister medical difficult continue.', 'Turn political least gas.']",6095,932,30,1012,Vastervik,Hound Point Terminal,2025-03-17,2025-01-28,2025-04-11
6641,866857,Loading,"['Particularly finally fall.', 'News sort matter fear this fund him.', 'Stop purpose daughter.']",7664,295,549,201,Saint Peter Port,Thamesport,2025-02-08,2025-04-18,2025-03-09
6502,540766,Canceled,"['Anything TV expect reach cell yet.', 'Air piece understand realize focus admit.', 'Visit instead difficult teacher sit nearly.']",8374,5,747,586,Koper,Port Alucroix,2025-01-08,2025-03-01,2025-02-23
1755,154511,Loading,"['Run college series soon claim decade run.', 'Ball particularly hundred party close action true.', 'Produce near coach.']",4949,900,48,994,Nordenham,Christiansted,2025-03-19,2025-04-14,2025-02-17
5296,997174,Shipped,"['Major support upon probably scene suffer.', 'Bed pretty food vote sense sense ground.', 'Television business maintain truth reach computer business.']",5591,6,255,1047,Bangor,Mys Rogatyy Oktyabrskiy,2025-04-16,2025-05-01,2025-02-20
1408,199004,In Transit,"['More fill above likely east still.', 'Line phone your.', 'Because eight mention fish.']",9273,211,651,861,Fuglafjordur,Inverness,2025-05-08,2025-03-25,2025-04-15
7129,73703,Shipped,"['Floor ago require deep respond.', 'Anything same certainly stay east.', 'Box live meet water while strong sell trial.']",3568,933,867,786,Santiago De Cuba,Nordenham,2025-03-17,2025-03-13,2025-02-24
5034,478102,Held In Customs,"['Would individual lose goal range network prove.', 'Media my situation my kitchen.', 'Growth four inside moment apply.']",6087,6,834,1114,Gulfhaven,Kerkira,2025-05-14,2025-01-10,2025-03-13
276,461813,Loading,"['Job big science Mrs play can.', 'Certain system country hold between painting view.', 'Him take lawyer focus probably name message camera.']",9731,900,907,1171,Bruges,Broadford Bay,2025-03-27,2025-01-24,2025-04-05
7853,845779,Held In Customs,"['Set usually watch party city.', 'Perhaps season well action single quickly.', 'Believe either from which eat around process.']",4862,905,251,976,Alanya,Slagenstangen,2025-04-20,2025-03-04,2025-04-08
6212,311543,Loading,"['Budget doctor less.', 'Who main yard he think evening.', 'Book seek summer summer.']",3568,923,949,651,Poole Harbour,Kerkira,2025-03-18,2025-05-03,2025-02-15
6118,967193,Disembarked,"['Kid imagine much skin many.', 'Recognize case step cell.', 'Mean official official want career college great.']",684,956,415,463,Bodrum,Visby,2025-05-09,2025-05-05,2025-01-17
458,447535,Held In Customs,"['Throw speech network war project suffer reflect.', 'Spring behind around.', 'Ok big market policy system eight.']",8585,949,800,1038,Bristol,Mitilini,2025-02-07,2025-01-27,2025-03-03
1387,308935,In Transit,"['Second quality conference season.', 'Address product enough behavior you movement.', 'Already at during rise.']",5253,945,558,578,Pori,Cap Haitien,2025-01-23,2025-03-17,2025-02-17
8460,941833,Held In Customs,"['Federal stay friend hard interest middle.', 'Again executive politics arrive ability last.', 'Case push too whether provide.']",9183,670,175,1497,Sankt-Peterburg,Shengjin,2025-01-05,2025-02-07,2025-03-06
976,901917,Canceled,"['Evidence chance figure avoid.', 'Town as station.', 'Office role or energy somebody.']",1057,5,90,206,Gelendzhik,Las Hormigas,2025-02-24,2025-04-04,2025-05-07
3707,203868,Held In Customs,"['System born because parent charge shake believe.', 'Wrong particular go.', 'Start note place.']",4264,932,232,1086,Port Oktyabrsk,Lochmaddy,2025-05-13,2025-02-10,2025-02-04
3262,131902,In Transit,"['Town be hard born quite.', 'Meeting chair common.', 'Worker high eight wind director make.']",9273,933,67,45,Aviles,Nikolayevsk Na Amur,2025-02-08,2025-02-09,2025-03-01
3061,139,Loading,"['Fast prepare fire interest get artist.', 'Account check mother give each fish increase.', 'Main join on similar art while.']",458,209,670,846,Vestmanna,Liverpool Bay Terminal,2025-02-20,2025-05-14,2025-03-19
6724,902210,Loading,"['Wall decade also yourself fall point.', 'New form or common explain.', 'Worry recognize not him reveal hand know.']",5685,923,531,1490,Tazerka Oil Terminal,Dunkerque Port Est,2025-01-11,2025-02-16,2025-04-30
1879,298327,Canceled,"['Economic if community old.', 'Heavy around fly significant.', 'Record her let stand including body.']",578,4,877,862,Porvoo,Gemlik,2025-02-11,2025-01-23,2025-04-25
6528,800094,Unloading,"['Role plant success tend control.', 'If happy maybe as team.', 'Finish too three meet answer.']",3008,921,493,1158,Nykoping,Cardenas,2025-03-23,2025-02-23,2025-05-10
4821,34500,Disembarked,"['Per choice watch song he.', 'Contain rule guess watch natural whatever since store.', 'Scientist place seven relate.']",4081,932,678,1328,Piran,Mosterhamn,2025-05-05,2025-04-12,2025-03-22
8976,142454,Loading,"['Partner collection soon available dark.', 'Before movement paper lot.', 'High behind about industry.']",3717,927,238,70,Karskar,Horta,2025-01-29,2025-01-28,2025-04-15
7913,66114,Canceled,"['Chair firm soldier test sometimes sure else important.', 'National air food commercial collection would piece.', 'Person drug serious according I popular.']",2147,935,384,121,Praia De Vitoria,Sinop,2025-01-01,2025-02-27,2025-04-17
2053,66820,In Transit,"['Stock produce still sign.', 'End benefit compare.', 'Manager as position drop may ten gas.']",9273,5,347,286,Novorossiysk,Gabes,2025-01-24,2025-02-10,2025-04-23
1400,568921,Loading,"['Industry left it.', 'Artist way see.', 'Finally point child national want weight become charge.']",3077,901,171,903,Scrabster Harbor,Barcelona,2025-02-25,2025-01-17,2025-01-16
9156,218722,Held In Customs,"['Science image hot employee.', 'Method direction letter fast star street direction nearly.', 'As issue data hear culture.']",917,942,789,235,Fowey Harbour,Lorient,2025-03-30,2025-04-22,2025-04-12
1302,203717,Unloading,"['Stop cover almost design collection.', 'Adult want now shake program probably bill.', 'Until mention action college put particular matter whole.']",2147,945,76,158,Tarragona,Ronehamn,2025-03-30,2025-05-15,2025-04-09
4464,417432,Shipped,"['High live company woman television.', 'Few thought their size southern property.', 'Threat start politics table five bill.']",3587,935,737,69,Sochi,Pargas,2025-01-27,2025-04-18,2025-03-07
2216,121032,Held In Customs,"['Else beyond develop reality.', 'Huge from mission artist easy.', 'Evidence tell early always bring.']",7361,930,176,1249,Arecibo,Batsfjorden,2025-01-15,2025-03-10,2025-03-07
4925,401569,In Transit,"['Current appear collection might machine body card.', 'Daughter care consumer month walk.', 'West occur find really baby security sometimes entire.']",8390,213,670,1353,Pontrieux,Funchal,2025-03-19,2025-03-21,2025-02-25
8384,810197,Unloading,"['Account million color live near.', 'Former section this fund those.', 'Structure note coach right cold think personal officer.']",9452,207,871,554,Mudanya,Le Legue,2025-01-28,2025-01-21,2025-01-11
5528,459641,Disembarked,"['Sell cover local administration civil from.', 'Catch boy action read under sport.', 'Situation power standard no rule old.']",1803,901,41,633,Kirkehamn,Naestved,2025-02-23,2025-02-20,2025-04-07
2470,765197,Unloading,"['Identify always dinner try to true learn.', 'Necessary manage black now go eight color poor.', 'Energy check lose policy.']",6361,928,350,1342,Kotka,Haderslev,2025-01-08,2025-01-11,2025-04-19
6140,622588,Loading,"['Low give value all outside.', 'Together until fire safe surface talk serious couple.', 'Decide car wife here.']",7664,928,48,39,Londonderry,Vestmanna,2025-05-02,2025-01-16,2025-03-17
965,976552,Canceled,"['Current particularly author west impact data design.', 'Television style walk see free condition nice produce.', 'Store sound learn west.']",9835,209,180,442,Karlshamn,Sillamae,2025-01-11,2025-02-14,2025-04-05
3840,44321,Loading,"['Red defense act.', 'Develop way wish instead major.', 'Minute can agreement increase.']",207,673,485,1201,Puerto Del Rosario,Rabocheostrovsk,2025-04-20,2025-01-16,2025-04-15
7173,266102,Canceled,"['Effort network everything stuff stand particularly identify.', 'Finally executive have gas.', 'Behind morning level me.']",8916,907,758,691,Vlaardingen,Grangemouth,2025-03-12,2025-04-24,2025-02-27
162,315685,In Transit,"['House only measure see myself within religious.', 'Sea phone put ability magazine affect effort high.', 'Clearly somebody consider we event.']",1266,978,627,1243,Oranjestad,Vestmanna,2025-05-03,2025-05-09,2025-04-13
4915,238511,Disembarked,"['Popular again campaign population least city food.', 'Business general remain rich.', 'Far least management buy.']",9538,942,668,138,Cap Haitien,Fawley Marine Terminal,2025-04-29,2025-01-09,2025-02-13
958,317479,Canceled,"['Require relate guy audience popular.', 'We back spend change year building.', 'Paper official little number.']",213,941,464,254,Horta,Cowes Harbour,2025-02-13,2025-03-12,2025-03-29
5269,289348,Held In Customs,"['Exactly become relationship feeling class require.', 'Because evidence human mention wide morning around knowledge.', 'Point time couple its think yet century.']",9179,939,180,1496,Liverpool,Mongstad,2025-02-18,2025-01-27,2025-03-12
6517,833983,Unloading,"['Cell happy degree.', 'International for factor stand rock.', 'Some the might development level attack indicate.']",2028,907,404,1217,Thyboron,Rostov-Na-Donu,2025-02-09,2025-01-10,2025-04-15
8353,763427,Disembarked,"['Force shake president key consider as.', 'Magazine item hour assume design upon.', 'Friend individual couple purpose chance.']",7068,904,370,1357,Mezen,Flekkefjorden,2025-04-28,2025-05-09,2025-02-26
2912,457819,Unloading,"['Environment lose forward do beat design.', 'Majority international laugh smile instead sit support.', 'Born popular east professional soldier throughout tonight.']",2061,207,354,1436,Lajes,Lyness,2025-01-07,2025-03-09,2025-04-19
3793,715990,Canceled,"['International dog enough affect morning decide exactly full.', 'When boy once.', 'Worker popular sense base share cultural always.']",6679,932,785,436,Lazarev,Kalmar,2025-01-21,2025-04-24,2025-03-17
3197,234662,Held In Customs,"['Management nice watch sense live most.', 'Party official newspaper leg.', 'Whom glass form blood lay.']",239,906,932,876,Glensanda,Campbeltown,2025-02-17,2025-01-31,2025-02-07
9226,605479,Loading,"['Easy decide machine democratic.', 'Issue now right during style avoid.', 'Plan prevent figure little.']",3568,292,757,1454,Santo Domingo,Oskarshamn,2025-01-10,2025-01-08,2025-04-24
4573,473396,Shipped,"['Become office push small own century.', 'Better born paper six cell behavior school.', 'Whose thought campaign discuss.']",1480,933,740,1372,Port Oktyabrsk,Vila Real De S Antonio,2025-04-26,2025-01-12,2025-04-21
4796,126978,Unloading,"['Produce throughout move would.', 'Technology listen system fast officer kitchen.', 'Include seek policy will agent form.']",1397,942,809,504,Olavsvern,Sheerness,2025-04-21,2025-04-18,2025-03-13
9535,845846,Shipped,"['Firm something difference benefit network play coach.', 'Exactly water agent including shoulder determine.', 'Other suggest leg though adult Mrs a.']",917,212,862,1396,Veitsiluoto,Sunndalsora,2025-03-14,2025-03-20,2025-01-24
3911,748992,In Transit,"['Quickly base choose on.', 'Part health high foot different sign.', 'Program population enjoy attention.']",7041,295,916,1282,Portmahomack Harbor,Rudkobing,2025-05-11,2025-01-25,2025-02-15
7424,926542,Held In Customs,"['Then until training unit quality trade.', 'Thousand executive week have direction.', 'Film likely shake successful heart debate particularly.']",6730,677,92,1025,Berdyansk,Ornes,2025-01-01,2025-05-11,2025-03-18
5404,910754,Canceled,"['Environmental issue choose whom country.', 'Center bed of firm.', 'Part rather set where will.']",4395,941,896,105,Barcelona,Sorvagur,2025-03-26,2025-01-25,2025-05-06
9231,933759,Unloading,"['Challenge like world least training.', 'Then medical responsibility low able us.', 'Scene purpose data road film must.']",3568,933,456,573,Fleetwood,Ploce,2025-02-11,2025-04-06,2025-04-21
9132,745015,Canceled,"['Skin sound agent build every market.', 'Physical these really college night score radio.', 'Foot religious political big wrong.']",5012,923,788,560,Villagarcia De Arosa,Ornsay,2025-02-12,2025-04-05,2025-04-18
8631,38449,Shipped,"['Water education age cover.', 'Science wear several the down leg anything.', 'Push former serve not.']",4677,213,27,310,Playa De Ponce,Tarbert,2025-04-23,2025-03-29,2025-05-05
1664,275353,Canceled,"['Sort bit instead painting week.', 'Act boy information.', 'Two pick blue increase.']",1894,942,191,1465,Puerto De Alcudia,Stratoni,2025-04-19,2025-01-30,2025-04-08
5119,509130,In Transit,"['White think number never while others trial.', 'Style successful model else usually.', 'Base game choice huge assume detail oil.']",1126,956,963,302,Providenciales,Kemi,2025-03-16,2025-04-02,2025-03-11
6869,640720,In Transit,"['Maybe home development.', 'Hotel you minute upon police white blue.', 'Fall worry line career.']",968,922,704,445,Grangemouth,Nuevitas Bay,2025-02-12,2025-02-15,2025-04-16
2452,353999,Disembarked,"['Sometimes early may.', 'Statement turn suddenly represent resource person.', 'Ahead peace black evening house.']",9429,212,670,1267,Falkenberg,Galati,2025-01-26,2025-02-13,2025-04-23
7742,380187,Disembarked,"['Them however bring TV southern.', 'Character media church toward.', 'Mission collection what hair.']",2551,933,109,740,Vadso,Obbola,2025-01-16,2025-02-26,2025-03-28
1698,948906,Unloading,"['Work player partner thought.', 'Simply hope million.', 'Interesting wear throw leave if order effort.']",6964,677,737,193,Bandirma,Santo Domingo,2025-03-05,2025-03-31,2025-01-01
1847,159257,Unloading,"['Use financial only where take.', 'Scene over also vote manager lose cell.', 'Contain window citizen.']",2872,672,933,237,Figueira Da Foz,Lancaster,2025-05-05,2025-03-11,2025-03-24
3641,674890,Loading,"['Company follow front beyond at.', 'Garden present success ok board.', 'Two door value physical experience weight me green.']",4452,677,992,1214,Caracasbaai,Angra Do Heroismo,2025-01-05,2025-02-04,2025-04-07
5588,841039,In Transit,"['Glass professional like the information ten region.', 'Politics agency indeed.', 'Build pressure education may probably skill network bank.']",9546,212,447,783,Veitsiluoto,Casilda,2025-03-25,2025-01-31,2025-04-05
4176,947666,Shipped,"['Guess again board quality say consider everybody attack.', 'Way common fall true apply entire.', 'Should test ball fill there me black.']",5591,909,568,66,Marstal,Banzart,2025-02-06,2025-03-11,2025-01-04
7169,19590,Disembarked,"['By force specific list.', 'Foot teach artist see Mr.', 'Control need hear appear.']",2245,906,290,628,Port Talbot,Corpach,2025-04-25,2025-01-13,2025-02-09
1969,430628,In Transit,"['Participant understand throughout smile risk push born.', 'Tell together have late.', 'Base certain politics after than.']",4264,923,271,1188,Tonnay Charente,Karlshamn,2025-02-07,2025-03-23,2025-04-30
7644,711837,In Transit,"['Simply quality force our.', 'Whose marriage thing wonder bit.', 'Book join explain event.']",4081,209,388,23,Treguier,Matanzas,2025-03-23,2025-04-28,2025-04-15
5359,996965,Held In Customs,"['Character skill wind environment.', 'Next less none others idea lay affect.', 'Important stage where than while forget consider include.']",9838,908,958,471,Dartmouth Harbour,Balaklava,2025-04-15,2025-05-02,2025-02-12
4534,203945,Disembarked,"['Likely wall past because their church.', 'Then Republican that trade.', 'Too say yet interest.']",4090,900,176,17,Kaliningrad,Vieux Fort,2025-02-21,2025-01-23,2025-01-06
4182,221262,Loading,"['Cause agreement cover each brother own discuss.', 'Morning direction how organization respond.', 'Company American top side growth boy.']",7873,989,606,435,Tabarka,Sundsvall,2025-01-21,2025-04-23,2025-03-19
6185,880601,Disembarked,"['Buy third nature debate your social everything.', 'International land feel.', 'Relate me know.']",4337,956,970,240,Bahia De Fajardo,Zaliv Rasa,2025-05-10,2025-04-12,2025-04-29
731,444315,Disembarked,"['Travel condition series discuss among Republican.', 'Beyond wife seven view artist read window exactly.', 'Table south reason use learn seat.']",437,930,337,814,Bonifacio,Ashtart Oil Terminal,2025-01-22,2025-03-08,2025-01-26
1629,664475,Loading,"['His word music fly.', 'Little hospital ago state other popular if.', 'Five soldier chair during sense do.']",914,938,41,920,Stromness,Kragero,2025-03-06,2025-01-15,2025-04-08
7027,150571,In Transit,"['Share purpose possible daughter on car response.', 'Help meeting then pressure college politics.', 'Song report level.']",4745,680,793,976,Tofte,Pevek,2025-01-10,2025-04-20,2025-02-15
4048,204094,Loading,"['Arm woman marriage station.', 'Tend artist everything analysis money expert.', 'Care big yes.']",8008,945,90,323,Sitia,Arhus,2025-02-23,2025-04-04,2025-01-20
5492,564266,Unloading,"['Employee tend quite manager special yet.', 'Sing surface officer.', 'Agreement expect PM sing.']",4949,905,836,516,Bandirma,Rochefort,2025-03-22,2025-04-03,2025-04-09
5948,476851,Canceled,"['Leader race prevent position.', 'Discuss individual usually especially action American smile bed.', 'Quality sing account.']",6730,901,168,415,Yuzhnyy,Coleraine,2025-01-07,2025-01-06,2025-02-06
1134,956538,In Transit,"['Adult music understand example.', 'Travel trouble activity teacher cold fact cup.', 'Sort situation wear paper.']",3587,291,623,1369,Ceuta,Degerhamn,2025-04-17,2025-03-25,2025-03-20
9782,952351,Unloading,"['Commercial economy service tell.', 'Major minute machine stuff whose daughter arrive.', 'Class cut pressure response if.']",5253,923,456,547,Klaksvik,Larvik,2025-02-26,2025-01-14,2025-03-03
2093,307445,In Transit,"['Increase direction world between cold central world.', 'Dog lead price network professional society.', 'Study them condition dog.']",603,208,552,411,Kramfors,Karlshamn,2025-04-17,2025-01-26,2025-03-28
5227,390535,In Transit,"['Prepare seek admit defense help travel summer perhaps.', 'Rise score officer police some student ten back.', 'Check hard example strategy interview these.']",1924,680,947,138,Mariel,Kyle Of Lochalsh,2025-04-03,2025-03-06,2025-02-03
1144,722936,Disembarked,"['Reality themselves message child inside window include bill.', 'World few girl likely but make wall.', 'Woman hair must eat likely.']",5894,909,184,48,Yakacik,Santo Domingo,2025-01-20,2025-02-01,2025-04-23
5280,794993,In Transit,"['Real day land sing.', 'Example tell player and out.', 'Similar according deal computer.']",917,290,851,355,Mys Rogatyy Oktyabrskiy,Marstal,2025-04-12,2025-02-10,2025-03-02
8882,812912,Disembarked,"['Establish population human morning of than.', 'By likely experience management apply situation during.', 'Everyone president sometimes good conference go difficult black.']",3144,949,583,1366,Achladi,Sines,2025-04-18,2025-03-21,2025-03-26
3090,256401,In Transit,"['Situation its place clear throughout.', 'As scene social discuss not message college spring.', 'Spring fund back employee reason better.']",1217,989,779,1131,Trondheim,Cruz Bay,2025-03-25,2025-01-10,2025-01-08
5474,787770,Canceled,"['Hold show south one TV result against seven.', 'Ready partner example consumer economy work.', 'Choose education throughout team goal again local.']",226,935,456,528,Treguier,Risor,2025-05-11,2025-04-01,2025-03-12
2218,258000,Held In Customs,"['Wait eye choose white.', 'Send put because.', 'Stage listen rich strong vote.']",450,928,76,1269,Kopervik,Neuhaus,2025-02-19,2025-01-16,2025-01-12
8415,468613,In Transit,"['Southern assume you decade positive hand.', 'Run picture old speak.', 'Agency outside dinner.']",2551,933,493,1090,Ornes,Orth,2025-05-06,2025-01-25,2025-04-12
1246,432427,Held In Customs,"['Up skin president question boy glass.', 'Play president cover medical usually available.', 'Task film then drop city score.']",7213,211,87,1490,Basseterre,Petropavlovsk,2025-01-29,2025-02-24,2025-05-14
9969,67500,Held In Customs,"['Ago loss shake apply enter magazine.', 'Practice cut social can style sing range practice.', 'Former expert several together structure personal kind compare.']",3322,930,413,379,Lunde,Burriana,2025-01-26,2025-02-14,2025-05-02
5331,58299,Held In Customs,"['Bad close democratic century hard artist.', 'Pay line suffer nice close institution maintain.', 'Perhaps series start.']",9044,671,552,1003,Dikili,Neuhaus,2025-03-01,2025-04-07,2025-02-08
3246,766501,In Transit,"['Almost movement very voice popular.', 'Worry choose wear long force during partner which.', 'Key health pattern of seek citizen.']",8008,932,958,1142,Vejle,Sagunto,2025-05-07,2025-04-27,2025-02-24
3520,696303,Loading,"['Smile military minute.', 'Almost happen add example woman.', 'Go condition second argue investment everyone population Democrat.']",27,3,797,608,Kemi,La Goulette,2025-01-14,2025-04-10,2025-01-02
9118,852163,Held In Customs,"['Day source then involve seven.', 'Need concern civil fill situation dog too.', 'Agree near various account.']",6340,5,583,1428,Severodvinsk,Aviles,2025-02-18,2025-01-12,2025-01-09
9467,513021,Shipped,"['Weight thus write raise how.', 'Style around black.', 'Task few collection often.']",4677,938,176,1478,Nuevitas Bay,Lisboa,2025-01-02,2025-02-20,2025-01-24
3053,303521,Disembarked,"['Of political happy good foreign last argue.', 'Report near attack coach candidate voice fill.', 'Possible dark than dream boy city day.']",173,907,405,1022,Drobak,Oslo,2025-05-03,2025-02-08,2025-01-24
9207,886611,Loading,"['Character politics meeting trial.', 'Another send recent bag difference.', 'Pretty adult rise east among future.']",8286,941,179,1298,Korsakov,Algeciras,2025-03-02,2025-04-13,2025-03-26
4,271722,Unloading,"['Serious determine else plan research another.', 'Everybody project discover continue face arm machine.', 'Reveal response perhaps believe suggest author.']",4081,935,793,920,Yarmouth Harbour,Vordingborg,2025-03-20,2025-03-12,2025-03-07
8033,114436,Unloading,"['Already or station do street believe.', 'History speak enough police protect trade air.', 'Put practice crime lay discover type red.']",3667,674,172,1364,Paarden Baai - (Oranjestad),Derince Burnu,2025-03-28,2025-03-18,2025-01-13
7395,174196,In Transit,"['Option knowledge down.', 'Floor his fill never.', 'Recognize evidence responsibility wife less real expert.']",114,208,36,527,Darlowo,Mesolongion,2025-04-24,2025-02-19,2025-03-14
7071,690963,Shipped,"['Above meeting deep point.', 'Ball happen how future discussion mind.', 'Guess center oil crime student certain opportunity.']",2846,936,833,799,Meling,Le Treport,2025-02-01,2025-01-31,2025-04-30
4343,275672,Loading,"['Despite wrong scene letter take.', 'Must southern me include.', 'Store upon black focus concern us within.']",458,209,800,1202,Mandal,Tonnay Charente,2025-01-11,2025-04-06,2025-04-06
20,203039,Disembarked,"['Particularly coach but choose red occur.', 'Fish summer give whose receive someone along.', 'Per ago claim thousand play.']",4264,932,19,998,Puerto De Bilbao,Gustavsvik,2025-01-27,2025-03-09,2025-05-12
863,550819,Shipped,"['History poor piece tell most.', 'Agency become instead especially establish bad.', 'Test guy sister break sing find poor.']",7853,902,418,992,Whitehall,Grangemouth,2025-03-15,2025-03-10,2025-03-22
1897,498464,Canceled,"['Every police good power.', 'Ask watch recently difficult.', 'Positive section else peace.']",4020,936,552,1344,Molde,Holstebro-Stuer,2025-01-07,2025-02-13,2025-03-23
3981,921994,Shipped,"['Music us decade whether others long.', 'Nearly others school pay.', 'Down certain thank employee possible science same.']",5838,928,583,606,Emden,Jossingfjord,2025-01-04,2025-01-11,2025-01-07
5613,107701,Held In Customs,"['Some move approach throw them area clear.', 'Reach knowledge yet challenge.', 'Adult speech war road.']",1266,933,886,259,Toros Gubre,Southampton,2025-03-09,2025-02-12,2025-03-04
5384,918365,Shipped,"['Material public remember anyone.', 'Rise soon can feel miss unit ok.', 'Court sense ahead.']",2755,672,19,664,Kantlax,Kalimnos,2025-01-10,2025-04-25,2025-01-26
2955,911137,Loading,"['During by become Congress too power exist.', 'However individual necessary him heavy.', 'Let instead card figure.']",2398,928,19,1450,Wolgast,Londonderry,2025-02-26,2025-01-23,2025-04-08
5913,659985,Unloading,"['Stop form green guess.', 'Hot issue describe federal scientist entire.', 'Sometimes somebody read room evening.']",7068,933,602,367,Milford Haven,Pilos,2025-05-14,2025-02-16,2025-04-03
5973,888790,Disembarked,"['Majority author yard owner.', 'Financial technology wall baby writer imagine.', 'Large serious air four billion take provide.']",9538,921,413,520,Crinan (Canal),Christiansted,2025-02-23,2025-01-06,2025-02-05
7233,767278,Disembarked,"['Age team six no.', 'Should guess he knowledge at from cover.', 'Operation appear born activity front.']",8930,941,41,1216,Bayonne,Marseille,2025-02-16,2025-02-08,2025-04-26
8243,933535,Held In Customs,"['Total degree performance determine.', 'Practice television energy director win quality page through.', 'Eye company campaign worker.']",6587,295,967,76,Kjollefjorden,Megara Oil Terminal,2025-05-14,2025-04-12,2025-01-25
9956,867666,Held In Customs,"['Song Republican respond think mission may dinner official.', 'Food address project federal door.', 'Million admit material occur early real establish interview.']",5962,923,211,1039,Iraklion,Huelva,2025-04-10,2025-02-07,2025-04-09
3740,18392,Shipped,"['Wrong difficult ten explain bit.', 'That daughter until director painting outside.', 'Thank develop eat day citizen together should.']",5509,938,933,436,Pevek,Montrose,2025-04-25,2025-04-18,2025-04-23
8721,987624,In Transit,"['Thing sure matter traditional.', 'Head in magazine box many laugh vote sea.', 'Pick Mrs fill decide establish increase rock.']",7361,674,456,177,Rethimnon,Pithagorion,2025-05-02,2025-03-30,2025-01-22
4155,682435,In Transit,"['Yeah test material person late fish.', 'Growth bit himself.', 'Under market example make carry upon too.']",8968,938,168,1379,Gustavia,Millport,2025-02-19,2025-04-03,2025-05-01
7985,913999,In Transit,"['I girl tell over per site.', 'Develop yeah minute successful keep.', 'Anything rock reason speech morning experience night certainly.']",3144,906,246,590,Corpach,Svolvaer,2025-02-14,2025-04-06,2025-03-16
290,217976,Canceled,"['Environment somebody administration try.', 'Sort night military.', 'Such raise treatment song save long.']",5477,7,869,1169,Neustadt,Oulu,2025-04-20,2025-04-15,2025-02-21
4088,92656,Disembarked,"['Yard every result doctor.', 'Day activity tough.', 'Safe rich quickly firm message.']",348,677,190,1239,Fowey Harbour,Bridport Harbour,2025-01-06,2025-02-22,2025-02-03
8936,641753,Canceled,"['Be quality benefit last option economic.', 'Trouble daughter radio once building picture grow.', 'Much whether start.']",6777,671,459,617,Kymassi,Puerto De Pasajes,2025-02-17,2025-02-15,2025-01-09
7055,690163,Disembarked,"['Week relationship nice six possible school strategy.', 'Town dog him.', 'Small industry choose plant behind.']",5163,931,616,295,Mandal,Dunkerque Port Est,2025-04-21,2025-04-19,2025-04-02
6677,470810,Held In Customs,"['Crime term idea our side.', 'Keep policy small any someone.', 'Reduce partner fire her chair speak.']",8689,989,171,520,Fredericia,St Nazaire,2025-02-16,2025-02-25,2025-01-04
591,402383,Canceled,"['Challenge night perform medical candidate far.', 'Different direction last hand he.', 'While everything effort affect fear high beat.']",6095,5,867,788,Puerto De Pasajes,Lunde,2025-05-13,2025-04-20,2025-02-03
6230,127504,Shipped,"['Network century figure any reveal single conference theory.', 'Side lose subject position trip side speech.', 'Career challenge great design term.']",6273,945,493,32,Dubrovnik,Whitehall,2025-01-25,2025-04-13,2025-02-16
7820,554478,In Transit,"['Involve admit alone skin.', 'Nothing year understand wish should official.', 'Family collection data sell somebody.']",4040,932,785,1080,Covenas Offshore Term.,El Jorf Lasfar,2025-04-18,2025-01-08,2025-04-23
9437,332386,Canceled,"['Know serve sort school its.', 'Operation kind prove agent whatever recognize especially.', 'Manager meeting better likely.']",8873,978,380,30,Police,Torehamn,2025-03-16,2025-02-24,2025-02-03
2963,120281,Canceled,"['Visit see fight health add near would.', 'People current arm.', 'Congress six ok.']",1397,935,758,1350,Las Mareas,Cernavoda,2025-02-10,2025-04-20,2025-03-08
5066,611476,Shipped,"['All none interest.', 'Reach ball politics.', 'May personal beat line not care group.']",2846,920,456,1018,Vlaardingen,Burghead,2025-05-03,2025-02-11,2025-02-25
6856,500296,Held In Customs,"['East open heavy trade use usually.', 'Method recognize base each country.', 'Employee for boy admit left energy help hard.']",9452,207,615,1329,Newlyn,Ulvik,2025-04-08,2025-03-26,2025-05-09
2257,121672,Unloading,"['Child day local stand statement alone success.', 'Early hotel civil difference.', 'Since enjoy father stage get.']",3727,672,917,1285,Ustka,Penzance,2025-04-14,2025-01-19,2025-02-10
681,253273,Loading,"['A cold heart few describe clearly.', 'Economy identify region school thought boy.', 'International shake east west director everything wait.']",3727,936,418,436,Ghent,Mo I Rana,2025-04-10,2025-01-23,2025-01-23
1859,443463,Canceled,"['Trip girl son shoulder write station.', 'Difficult yourself address young write lot.', 'Play maybe after call deal order call type.']",5228,935,779,1458,Folkestone Harbour,Santa Marta,2025-03-21,2025-01-30,2025-01-09
1740,200222,Canceled,"['Miss the early.', 'Arrive increase sign happy quite.', 'Piece order often administration writer.']",5509,208,374,177,Nevelsk,Playa De Ponce,2025-04-07,2025-03-27,2025-01-09
2457,598483,In Transit,"['Key son thank officer.', 'Around hard phone help admit clearly shake similar.', 'Under window both believe property change.']",426,672,19,808,Ystad,Grangemouth,2025-03-05,2025-04-11,2025-02-23
8420,892551,Shipped,"['Represent make fish ten last window life.', 'House court seem scientist.', 'Name series exactly even best action.']",2245,3,30,473,Bukhta Gaydamak,Sauda,2025-03-09,2025-03-29,2025-05-08
3593,67306,Disembarked,"['Expect least build bring who.', 'Life say ball prepare increase out second forget.', 'Stage would great drop man.']",3169,672,949,1381,Piran,Eckernforde,2025-05-01,2025-03-20,2025-02-25
2756,319328,Shipped,"['Second alone manage face artist situation.', 'Daughter citizen degree by.', 'Hundred read return should task.']",8734,902,48,1108,Kopmanholmen,Broadford Bay,2025-05-03,2025-04-12,2025-02-08
9493,389784,Held In Customs,"['Put drug find after force cut letter.', 'Dark shake relate project himself population remember.', 'Because I dinner.']",5620,295,396,530,Puerto De Alcudia,Andenes,2025-02-01,2025-05-04,2025-05-12
907,865993,Shipped,"['Threat international main wear.', 'Nor debate road yard.', 'That writer several third imagine person.']",1220,956,450,266,Stralsund,Brattholmen,2025-01-14,2025-03-10,2025-01-17
7698,582462,Held In Customs,"['Write big involve senior.', 'Similar imagine boy can.', 'Mother information left bar together will order.']",9546,3,644,251,Bahia De Sagua De Tanamo,Henningsvaer,2025-02-17,2025-01-22,2025-02-20
46,727391,Shipped,"['Behind view answer month wide security.', 'Reason among cold stand make.', 'Behavior without mind on.']",2907,210,238,1187,Bodrum,Dugi Rat,2025-03-29,2025-02-19,2025-01-28
9239,425305,Shipped,"['Design even child.', 'Outside try face represent daughter surface.', 'Worry lawyer require reason probably peace sport.']",173,978,447,1252,Gluckstadt,Ayr,2025-02-14,2025-01-14,2025-04-30
305,584920,Loading,"['Federal such run item put shoulder draw.', 'Available writer control whole firm purpose local.', 'Husband baby from.']",4581,949,67,1064,Senj,Ust-Dunaisk,2025-02-06,2025-01-16,2025-02-19
9478,550077,Canceled,"['Eight somebody lot do year I particular.', 'Social nearly network finish include.', 'Sound top stuff particularly must unit front behind.']",814,945,758,253,Storsteilene,Klintehamn,2025-01-05,2025-03-10,2025-02-26
1137,199395,Canceled,"['Whole person until candidate friend final away.', 'Force yourself town it.', 'Worry environmental inside reveal.']",310,5,106,538,Barry,Tunas De Zaza,2025-02-21,2025-04-26,2025-01-05
7585,664266,Loading,"['Necessary benefit reality do also fire.', 'State plan win though.', 'Help collection account use food usually.']",7873,291,627,231,Izmayil,Hopa,2025-04-13,2025-01-11,2025-04-22
7246,548017,Unloading,"['Away tell her example give need card.', 'Stand field just democratic can.', 'Yes old customer class.']",3469,670,476,863,Tonsberg,Kusadasi,2025-04-23,2025-02-10,2025-01-31
5908,524347,In Transit,"['Student over course financial hotel appear.', 'Finish subject serious spend.', 'Animal smile including difficult fear sell see.']",4366,7,45,225,Korsnes,Tynemouth,2025-04-03,2025-05-12,2025-03-21
7591,647305,Loading,"['Almost blood real no wish early serve may.', 'Hour only since green blood.', 'Friend land miss term everybody another.']",9452,207,196,989,Ny Alesund,Felixstowe,2025-02-05,2025-02-11,2025-04-25
8018,920338,Loading,"['If hand wish.', 'Anyone scientist unit various cup.', 'Week travel police score news and sport.']",5650,942,645,688,Freeport,Pierowall,2025-02-21,2025-02-23,2025-01-16
