world_portcode,port_city,port_country,port_latitude,port_longitude,region
41670,Durres,Albania,41.316667,19.45,Europe
41660,Shengjin,Albania,41.816667,19.6,Europe
41690,Vlores,Albania,40.466667,19.5,Europe
11430,St Johns,Antigua and Barbuda,17.116667,-61.85,Caribbean
11840,Paarden Baai - (Oranjestad),Aruba,12.516667,-70.033333,Caribbean
11830,Sint Nicolaas Baai,Aruba,12.433333,-69.916667,Caribbean
9995,Clifton Pier,Bahamas,25,-77.55,Atlantic Ocean
10006,Cockburn Town,Bahamas,24.05,-74.533333,Atlantic Ocean
10010,Matthew Town,Bahamas,20.95,-73.683333,Atlantic Ocean
9990,Nassau,Bahamas,25.083333,-77.35,Atlantic Ocean
9987,South Riding Point,Bahamas,26.616667,-78.216667,Atlantic Ocean
11690,Bridgetown,Barbados,13.1,-59.633333,Caribbean
31250,Antwerpen,Belgium,51.216667,4.4,Europe
31290,Bruges,Belgium,51.233333,3.216667,Europe
31260,Bruxelles,Belgium,50.866667,4.35,Europe
31270,Ghent,Belgium,51.066667,3.733333,Europe
31320,Nieuwpoort,Belgium,51.133333,2.75,Europe
31310,Oostende,Belgium,51.233333,2.916667,Europe
31280,Zeebrugge,Belgium,51.333333,3.2,Europe
9930,Freeport,Bermuda,32.316666667,-64.833333333,North Atlantic
9960,Hamilton,Bermuda,32.3,-64.783333,North Atlantic
9950,Ireland Island,Bermuda,32.316667,-64.833333,North Atlantic
9940,St George,Bermuda,32.383333,-64.683333,North Atlantic
41415,Neum,Bosnia and Herzegovina,42.916667,17.6,Europe
43500,Burgas,Bulgaria,42.483333,27.483333,Europe
43510,Varna,Bulgaria,43.183333,27.966667,Europe
3760,Southampton,Canada,44.5,-81.383333,North America
11781,Goto Oil Terminal,Caribbean Netherlands,12.216667,-68.383333,Caribbean
11780,Kralendijk,Caribbean Netherlands,12.15,-68.283333,Caribbean
11390,Oranjestad,Caribbean Netherlands,17.483333,-62.983333,Caribbean
11782,Salina,Caribbean Netherlands,12.083333,-68.283333,Caribbean
11930,Barranquilla,Colombia,10.966667,-74.766667,Latin America
15370,Buenaventura,Colombia,3.883333,-77.066667,Latin America
11910,Cartagena,Colombia,10.416667,-75.533333,Latin America
11900,Covenas,Colombia,9.416667,-75.683333,Latin America
11901,Covenas Offshore Term.,Colombia,9.5,-75.733333,Latin America
11908,El Bosque,Colombia,10.4,-75.533333,Latin America
11905,Mamonal,Colombia,10.316667,-75.516667,Latin America
11935,Pozos Colorados,Colombia,11.15,-74.25,Latin America
11946,Puerto Bolivar,Colombia,12.25,-71.966667,Latin America
11934,Puerto Prodeco,Colombia,11.15,-74.216667,Latin America
9768,San Andres Island,Colombia,12.566666667,-81.7,Latin America
11940,Santa Marta,Colombia,11.25,-74.216667,Latin America
15360,Tumaco,Colombia,1.816667,-78.75,Latin America
11880,Turbo,Colombia,8.083333,-76.733333,Latin America
41030,Bakar,Croatia,45.3,14.533333,Europe
41550,Dubrovnik,Croatia,42.666667,18.083333,Europe
41350,Dugi Rat,Croatia,43.45,16.65,Europe
41420,Korcula,Croatia,42.933333,17.133333,Europe
41045,Omisalj,Croatia,45.216667,14.55,Europe
41410,Ploce,Croatia,43.05,17.433333,Europe
40960,Pula,Croatia,44.883333,13.8,Europe
41010,Rijeka Luka,Croatia,45.333333,14.433333,Europe
40940,Rovinj,Croatia,45.083333,13.633333,Europe
41090,Senj,Croatia,44.983333,14.9,Europe
41290,Sibenik,Croatia,43.733333,15.883333,Europe
41320,Split,Croatia,43.5,16.433333,Europe
40880,Umag,Croatia,45.433333,13.516667,Europe
41220,Zadar,Croatia,44.116667,15.216667,Europe
40980,Zaliv Rasa,Croatia,45.05,14.066667,Europe
10230,Antilla,Cuba,20.833333,-75.733333,Caribbean
10100,Bahai De La Habana,Cuba,23.133333,-82.366667,Caribbean
10270,Bahia De Sagua De Tanamo,Cuba,20.683333,-75.333333,Caribbean
10070,Bahia Honda,Cuba,22.966666667,-83.166666667,Caribbean
10210,Banes,Cuba,20.916666667,-75.716666667,Caribbean
10290,Baracoa,Cuba,20.35,-74.5,Caribbean
10080,Cabanas,Cuba,23,-82.966667,Caribbean
10140,Caibarien,Cuba,22.533333333,-79.466666667,Caribbean
10120,Cardenas,Cuba,23.05,-81.2,Caribbean
10530,Casilda,Cuba,21.75,-79.983333,Caribbean
10280,Cayo Moa Grande,Cuba,20.666667,-74.9,Caribbean
10430,Ceiba Hueca,Cuba,20.216667,-77.316667,Caribbean
10540,Cienfuegos,Cuba,22.15,-80.45,Caribbean
10250,Felton,Cuba,20.733333,-75.6,Caribbean
10470,Guayabal,Cuba,20.7,-77.616667,Caribbean
10130,Isabela De Sagua,Cuba,22.95,-80,Caribbean
10500,Jucaro,Cuba,21.616667,-78.85,Caribbean
10158,Manati,Cuba,21.366667,-76.816667,Caribbean
10460,Manzanillo,Cuba,20.35,-77.116667,Caribbean
10090,Mariel,Cuba,22.983333,-82.75,Caribbean
10110,Matanzas,Cuba,23.05,-81.55,Caribbean
10420,Media Luna,Cuba,20.15,-77.433333,Caribbean
10260,Nicaro,Cuba,20.716667,-75.55,Caribbean
10550,Nueva Gerona,Cuba,21.916667,-82.8,Caribbean
10150,Nuevitas Bay,Cuba,21.55,-77.266667,Caribbean
10505,Palo Alto,Cuba,21.583333333,-78.966666667,Caribbean
10240,Preston,Cuba,20.766666667,-75.65,Caribbean
10320,Puerto Guantanamo,Cuba,19.983333,-75.133333,Caribbean
10160,Puerto Padre,Cuba,21.283333,-76.533333,Caribbean
10480,Santa Cruz del Sur,Cuba,20.7,-77.983333333,Caribbean
10050,Santa Lucia,Cuba,22.666666667,-83.966666667,Caribbean
10370,Santiago De Cuba,Cuba,20.016667,-75.833333,Caribbean
10520,Tunas De Zaza,Cuba,21.633333,-79.55,Caribbean
10190,Vita,Cuba,21.1,-75.966666667,Caribbean
11820,Bullen Baai,Curacao,12.183333,-69.033333,
11800,Caracasbaai,Curacao,12.066667,-68.866667,
11821,Sint Michelsbaai,Curacao,12.133333,-69.016667,
11810,Willemstad,Curacao,12.116667,-68.933333,
30100,Abenra,Denmark,55.05,9.433333,Europe
30400,Alborg,Denmark,57.05,9.933333,Europe
30260,Arhus,Denmark,56.15,10.216667,Europe
29930,Assens,Denmark,55.266667,9.883333,Europe
30095,Augustenborg,Denmark,54.95,9.866667,Europe
29670,Bandholm,Denmark,54.833333,11.5,Europe
29130,Christianso Harbor,Denmark,55.316667,15.183333,Europe
30105,Ensted,Denmark,55.016667,9.433333,Europe
30640,Esbjerg,Denmark,55.466667,8.45,Europe
29940,Faborg,Denmark,55.1,10.25,Europe
29180,Fakse Ladeplads Havn,Denmark,55.216667,12.166667,Europe
30170,Fredericia,Denmark,55.566667,9.766667,Europe
30430,Frederikshavn,Denmark,57.433333,10.55,Europe
29420,Frederikssund,Denmark,55.833333,12.05,Europe
29410,Frederiksvaerk,Denmark,55.966667,12.016667,Europe
30290,Grenaa Havn,Denmark,56.416667,10.933333,Europe
29546,Gulfhaven,Denmark,55.2,11.266667,Europe
30120,Haderslev,Denmark,55.25,9.5,Europe
30340,Hadsund,Denmark,56.716667,10.116667,Europe
30380,Hals,Denmark,56.983333,10.316667,Europe
30455,Hanstholm,Denmark,57.133333,8.6,Europe
29120,Hasle,Denmark,55.183333,14.7,Europe
29350,Helsingor,Denmark,56.033333,12.616667,Europe
30450,Hirtshals,Denmark,57.6,9.966667,Europe
30360,Hobro,Denmark,56.633333,9.8,Europe
29440,Holbaek,Denmark,55.716667,11.716667,Europe
30500,Holstebro-Stuer,Denmark,56.5,8.583333,Europe
30230,Horsens,Denmark,55.866667,9.85,Europe
29390,Hundested Havn,Denmark,55.966667,11.85,Europe
29490,Kalundborg,Denmark,55.683333,11.1,Europe
29870,Kerteminde,Denmark,55.45,10.666667,Europe
29230,Kobenhavn,Denmark,55.7,12.616667,Europe
29220,Koge,Denmark,55.45,12.2,Europe
30160,Kolding,Denmark,55.483333,9.5,Europe
29520,Korsor,Denmark,55.333333,11.133333,Europe
29435,Kyndbyvaerkets,Denmark,55.816667,11.883333,Europe
30480,Lemvig,Denmark,56.583333,8.283333,Europe
30350,Mariager,Denmark,56.65,9.983333,Europe
29790,Marstal,Denmark,54.916667,10.333333,Europe
29910,Middelfart,Denmark,55.5,9.733333,Europe
29555,Naestved,Denmark,55.233333,11.75,Europe
29700,Nakskov,Denmark,54.833333,11.133333,Europe
29085,Nekso,Denmark,55.066667,15.133333,Europe
29860,Nyborg,Denmark,55.316667,10.8,Europe
29630,Nykobing,Denmark,54.766667,11.866667,Europe
29455,Nykobing (Mor),Denmark,56.766667,11.866667,Europe
29720,Nysted,Denmark,54.666667,11.733333,Europe
29880,Odense,Denmark,55.416667,10.383333,Europe
30330,Randers,Denmark,56.466667,10.05,Europe
30630,Ringkobing,Denmark,56.083333,8.25,Europe
29710,Rodby Havn,Denmark,54.65,11.35,Europe
29110,Ronne,Denmark,55.1,14.7,Europe
29760,Rudkobing,Denmark,54.95,10.716667,Europe
29660,Sakskobing,Denmark,54.8,11.633333,Europe
29530,Skaelskor,Denmark,55.25,11.3,Europe
29905,Skaerbaek,Denmark,55.516667,9.616667,Europe
30440,Skagen Havn,Denmark,57.716667,10.6,Europe
30060,Sonderborg,Denmark,54.916667,9.783333,Europe
29600,Stege,Denmark,54.983333,12.283333,Europe
29545,Stigsnaesvaerket,Denmark,55.2,11.25,Europe
29580,Stubbekobing,Denmark,54.883333,12.05,Europe
30285,Studstrup,Denmark,56.25,10.35,Europe
29830,Svendborg,Denmark,55.066667,10.616667,Europe
30457,Thisted,Denmark,56.95,8.7,Europe
30460,Thyboron,Denmark,56.7,8.216667,Europe
29260,Tuborg,Denmark,55.716667,12.583333,Europe
30190,Vejle,Denmark,55.716667,9.55,Europe
29560,Vordingborg,Denmark,55,11.9,Europe
11530,Portsmouth,Dominica,15.566667,-61.466667,Caribbean
11520,Roseau,Dominica,15.3,-61.4,Caribbean
10978,Amber Cove,Dominican Republic,19.833333333,-70.766666667,Caribbean
11035,Andres (Andres Lng Terminal),Dominican Republic,18.433333,-69.633333,Caribbean
11075,Cabo Rojo,Dominican Republic,17.916667,-71.65,Caribbean
11020,La Romana,Dominican Republic,18.416667,-68.966667,Caribbean
11050,Las Calderas,Dominican Republic,18.216667,-70.516667,Caribbean
10960,Pepillo Salcedo,Dominican Republic,19.7,-71.75,Caribbean
11045,Puerto De Haina,Dominican Republic,18.416667,-70.016667,Caribbean
10980,Puerto Plata,Dominican Republic,19.8,-70.7,Caribbean
11060,Puerto Viejo De Azua,Dominican Republic,18.35,-70.833333,Caribbean
11030,San Pedro De Macoris,Dominican Republic,18.45,-69.316667,Caribbean
11010,Sanchez,Dominican Republic,19.233333,-69.616667,Caribbean
11000,Santa Barbara De Samana,Dominican Republic,19.2,-69.333333,Caribbean
11070,Santa Cruz De Barahona,Dominican Republic,18.2,-71.083333,Caribbean
11040,Santo Domingo,Dominican Republic,18.466667,-69.883333,Caribbean
28498,Bekkeri,Estonia,59.45454,24.66745,Europe
28520,Heltermaa,Estonia,58.866684,23.048341,Europe
28440,Kunda,Estonia,59.527775,26.547196,Europe
28492,Lahesuu,Estonia,59.457056204,24.703002723,Europe
28460,Loksa,Estonia,59.583392,25.698938,Europe
28496,Meeruse,Estonia,59.45087,24.6722,Europe
28482,Miiduranna,Estonia,59.499402,24.816063,Europe
28484,Muuga-Port of Tallin,Estonia,59.500042,24.966693,Europe
28510,Osmussaar,Estonia,59.3,23.366667,Europe
28505,Paldiski Lounasadam,Estonia,59.333343,24.081111,Europe
28506,Paldiski Pohjasadam,Estonia,59.349752,24.047504,Europe
28490,Paljassaare,Estonia,59.459102,24.70564,Europe
28550,Parnu,Estonia,58.383351,24.480001,Europe
28515,Rohukula,Estonia,58.90606,23.423923,Europe
28530,Roomassaare,Estonia,58.21504,22.50695,Europe
28525,Saaremaa sadam,Estonia,58.536129,22.236096,Europe
28425,Sillamae,Estonia,59.42612,27.73945,Europe
28480,Vanasadam - Port of Tallinn,Estonia,59.450128,24.766676,Europe
28500,Vene-Balti,Estonia,59.45696,24.65636,Europe
28540,Virtsu,Estonia,58.575016,23.510001,Europe
32740,Fuglafjordur,Faroe Islands,62.25,-6.8,North Atlantic
32750,Klaksvik,Faroe Islands,62.233333,-6.583333,North Atlantic
32702,Runavik,Faroe Islands,62.116667,-6.716667,North Atlantic
32730,Sorvagur,Faroe Islands,62.083333,-7.25,North Atlantic
32690,Torshavn,Faroe Islands,62,-6.75,North Atlantic
32680,Tvoroyri,Faroe Islands,61.55,-6.8,North Atlantic
32676,Vagur,Faroe Islands,61.483333,-6.8,North Atlantic
32720,Vestmanna,Faroe Islands,62.15,-7.166667,North Atlantic
28170,Ekenas,Finland,59.983333,23.433333,Europe
28240,Hamina,Finland,60.566667,27.2,Europe
28140,Hanko,Finland,59.816667,22.95,Europe
27610,Hellnas,Finland,63.283333,22.233333,Europe
28190,Helsinki,Finland,60.166667,24.966667,Europe
27540,Himanka,Finland,64,23.65,Europe
28187,Inkoo,Finland,60.016667,23.916667,Europe
28180,Jussaro,Finland,59.833333,23.566667,Europe
27590,Kantlax,Finland,63.416667,22.283333,Europe
27670,Kaskinen,Finland,62.383333,21.233333,Europe
27410,Kemi,Finland,65.733333,24.566667,Europe
27560,Kokkola,Finland,63.85,23.016667,Europe
28230,Kotka,Finland,60.466667,26.966667,Europe
27680,Kristinestad,Finland,62.283333,21.4,Europe
28220,Loviisa,Finland,60.45,26.233333,Europe
27750,Mantyluoto,Finland,61.6,21.483333333,Europe
27920,Mariehamn,Finland,60.1,19.916667,Europe
27805,Naantali,Finland,60.466667,22.016667,Europe
27580,Nykarleby,Finland,63.516667,22.533333,Europe
27520,Oulu,Finland,65.016667,25.4,Europe
27990,Pargas,Finland,60.283333,22.066667,Europe
27570,Pietarsaari,Finland,63.683333,22.666667,Europe
27740,Pori,Finland,61.483333,21.8,Europe
28185,Porkkala,Finland,60.083333,24.383333,Europe
28210,Porvoo,Finland,60.3,25.633333,Europe
27530,Raahe,Finland,64.683333,24.416667,Europe
27537,Rahja,Finland,64.217777778,23.679722222,Europe
27780,Rauma,Finland,61.125,21.446111111,Europe
27755,Tahkoluoto,Finland,61.633333,21.4,Europe
27850,Tolkkinen,Finland,60.033333,25.583333,Europe
27400,Tornio,Finland,65.766667,24.166667,Europe
27820,Turku,Finland,60.45,22.233333,Europe
27825,Uto,Finland,59.783333333,21.366666667,Europe
27790,Uusikaupunki,Finland,60.8,21.4,Europe
27650,Vaasa,Finland,63.1,21.583333,Europe
27535,Veitsiluoto,Finland,65.7,24.616667,Europe
37170,Ambes,France,45.016667,-0.533333,Europe
38980,Antibes,France,43.583333,7.133333,Europe
39060,Bastia,France,42.7,9.45,Europe
37230,Bayonne,France,43.5,-1.466667,Europe
37160,Blaye,France,45.133333,-0.666667,Europe
39080,Bonifacio,France,41.383333,9.166667,Europe
37190,Bordeaux,France,44.866667,-0.566667,Europe
35760,Boulogne-Sur-Mer,France,50.733333,1.6,Europe
35750,Calais,France,50.966667,1.85,Europe
39110,Calvi,France,42.566667,8.75,Europe
38960,Cannes,France,43.55,7.016667,Europe
36620,Concarneau,France,47.866667,-3.916667,Europe
35870,Deauville,France,49.366667,0.083333,Europe
35810,Dieppe,France,49.933333,1.083333,Europe
36860,Donges,France,47.3,-2.066667,Europe
35730,Dunkerque Port Est,France,51.05,2.383333,Europe
35732,Dunkerque Port Ouest,France,51.066667,2.35,Europe
35830,Fecamp,France,49.766667,0.366667,Europe
38775,Fos,France,43.416667,4.883333,Europe
36110,Granville,France,48.833333,-1.6,Europe
35740,Gravelines,France,51,2.116667,Europe
35860,Honfleur,France,49.416667,0.216667,Europe
39120,L'ile Rousse,France,42.633333,8.933333,Europe
37000,La Pallice,France,46.166667,-1.216667,Europe
37010,La Rochelle,France,46.15,-1.15,Europe
36220,Le Legue,France,48.533333,-2.75,Europe
35800,Le Treport,France,50.066667,1.366667,Europe
37120,Le Verdon,France,45.55,-1.05,Europe
36960,Les Sables D' Olonne,France,46.5,-1.8,Europe
36280,Lezardrieux,France,48.790299727,-3.098863445,Europe
36680,Lorient,France,47.75,-3.35,Europe
38810,Marseille,France,43.316667,5.366667,Europe
36855,Montoir,France,47.3,-2.133333,Europe
36360,Morlaix,France,48.583333,-3.833333,Europe
36900,Nantes,France,47.2,-1.566667,Europe
38990,Nice,France,43.7,7.283333,Europe
35885,Ouistreham,France,49.283333,-0.25,Europe
36260,Paimpol,France,48.783333,-3.05,Europe
37150,Pauillac,France,45.2,-0.75,Europe
36290,Pontrieux,France,48.709507583,-3.146202479,Europe
39100,Port D' Ajaccio,France,41.916667,8.75,Europe
35880,Port De Caen,France,49.183333,-0.35,Europe
39090,Port De Propriano,France,41.683333,8.9,Europe
36370,Port De Roscoff-Bloscon,France,48.733333,-3.983333,Europe
35840,Port Of Le Havre,France,49.483333,0.116667,Europe
35850,Port Of Rouen,France,49.45,1.066667,Europe
38770,Port Saint Louis Du Rhone,France,43.383333,4.816667,Europe
38780,Port-de-Bouc,France,43.4,4.983333,Europe
38730,Port-La-Nouvelle,France,43.016667,3.066667,Europe
38720,Port-Vendres,France,42.516667,3.116667,Europe
39070,Porto Vecchio,France,41.583333,9.283333,Europe
36460,Rade De Brest,France,48.383333,-4.5,Europe
35950,Rade De Cherbourg,France,49.65,-1.633333,Europe
37040,Rochefort,France,45.933333,-0.95,Europe
36130,Saint-Malo,France,48.65,-2.016667,Europe
38940,Saint-Raphael,France,43.416667,6.766667,Europe
38920,Saint-Tropez,France,43.266667,6.633333,Europe
35790,Saint-Valery-Sur-Somme,France,50.183333,1.616667,Europe
38750,Sete,France,43.4,3.7,Europe
36850,St Nazaire,France,47.283333,-2.2,Europe
37050,Tonnay Charente,France,45.933333,-0.9,Europe
38870,Toulon,France,43.1,5.916667,Europe
36300,Treguier,France,48.783333,-3.233333,Europe
39000,Villefranche,France,43.7,7.316667,Europe
44350,Batumi,Georgia,41.65,41.65,Mediterranean Sea
44320,Sokhumi,Georgia,42.983333,40.983333,Mediterranean Sea
44345,Supsa Marine Terminal,Georgia,42.1,41.716667,Mediterranean Sea
30850,Brake,Germany,53.333333,8.483333,Europe
30900,Bremen,Germany,53.133333,8.766667,Europe
30810,Bremerhaven,Germany,53.533333,8.583333,Europe
30720,Brunsbuttel Canal Terminals,Germany,53.9,9.15,Europe
30710,Brunsbuttel Elbahafen,Germany,53.883333,9.166667,Europe
30695,Busum,Germany,54.133333,8.866667,Europe
30785,Butzfleth,Germany,53.65,9.516667,Europe
30800,Cuxhaven,Germany,53.866667,8.716667,Europe
28950,Eckernforde,Germany,54.483333,9.833333,Europe
30860,Elsfleth,Germany,53.233333,8.466667,Europe
30950,Emden,Germany,53.333333,7.183333,Europe
29005,Flensburg,Germany,54.8,9.433333,Europe
30760,Gluckstadt,Germany,53.783333,9.416667,Europe
30780,Hamburg,Germany,53.55,9.933333,Europe
28920,Heiligenhafen,Germany,54.366667,10.983333,Europe
30930,Helgoland,Germany,54.172438358,7.895715237,Europe
30680,Husum,Germany,54.483333,9.05,Europe
30725,Itzehoe,Germany,53.916667,9.516667,Europe
28955,Kappeln,Germany,54.666667,9.933333,Europe
28930,Kiel,Germany,54.316667,10.133333,Europe
30960,Leer,Germany,53.233333,7.45,Europe
28890,Lubeck,Germany,53.883333,10.7,Europe
28880,Lubeck-Travemunde,Germany,53.966667,10.883333,Europe
30740,Neuhaus,Germany,53.8,9.033333,Europe
28900,Neustadt,Germany,54.1,10.816667,Europe
30840,Nordenham,Germany,53.483333,8.483333,Europe
30870,Oldenburg,Germany,53.116667,8.216667,Europe
28912,Orth,Germany,54.45,11.05,Europe
30970,Papenburg,Germany,53.1,7.383333,Europe
30730,Rendsburg,Germany,54.3,9.683333,Europe
28860,Rostock,Germany,54.1,12.133333,Europe
28840,Sassnitz,Germany,54.516667,13.65,Europe
28848,Stralsund,Germany,54.316667,13.1,Europe
30910,Wilhelmshaven,Germany,53.533333,8.166667,Europe
28870,Wismar,Germany,53.9,11.466667,Europe
28828,Wolgast,Germany,54.05,13.783333,Europe
42434,Achladi,Greece,38.9,22.816667,Europe
41840,Aigio,Greece,38.25,22.083333,Europe
42630,Alexandroupoli,Greece,40.833333,25.883333,Europe
42890,Andros,Greece,37.833333,24.95,Europe
41790,Argostolion,Greece,38.183333,20.516667,Europe
42345,Astakos,Greece,38.483333,21.1,Europe
43155,Ayios Nikolaos,Greece,35.2,25.716667,Europe
42880,Gavrio,Greece,37.883333,24.733333,Europe
43130,Iraklion,Greece,35.35,25.15,Europe
41820,Itea,Greece,38.433333,22.416667,Europe
41940,Kalamata,Greece,37.016667,22.116667,Europe
43165,Kali Limenes,Greece,34.933333,24.833333,Europe
43260,Kalimnos,Greece,36.95,26.983333,Europe
41880,Katakolon,Greece,37.65,21.316667,Europe
42600,Kavala,Greece,40.933333,24.4,Europe
41720,Kerkira,Greece,39.616667,19.933333,Europe
42820,Khios,Greece,38.366667,26.133333,Europe
42420,Kymassi,Greece,38.833333,23.466667,Europe
42620,Lagos,Greece,41,25.133333,Europe
43280,Lakki,Greece,37.133333,26.85,Europe
42120,Lavrio,Greece,37.7,24.066667,Europe
43250,Limin Kos,Greece,36.9,27.283333,Europe
42920,Limin Sirou,Greece,37.433333,24.95,Europe
42160,Megara Oil Terminal,Greece,37.966667,23.4,Europe
41800,Mesolongion,Greece,38.366667,21.416667,Europe
42905,Mikonos,Greece,37.45,25.333333,Europe
43030,Milos,Greece,36.716667,24.45,Europe
42760,Mitilini,Greece,39.1,26.566667,Europe
42050,Navplio,Greece,37.566667,22.8,Europe
42840,Neon Karlovas,Greece,37.8,26.683333,Europe
42980,Nisos Naxos,Greece,37.1,25.366667,Europe
42340,Ormos Aliveriou,Greece,38.383333,24.05,Europe
41850,Patrai,Greece,38.25,21.733333,Europe
41910,Pilos,Greece,36.9,21.666667,Europe
42230,Piraievs,Greece,37.933333,23.65,Europe
42860,Pithagorion,Greece,37.683333,26.95,Europe
42780,Plomarion,Greece,38.983333,26.366667,Europe
41730,Preveza,Greece,38.95,20.75,Europe
43120,Rethimnon,Greece,35.366667,24.466667,Europe
43210,Rodhos,Greece,36.45,28.233333,Europe
42850,Samos,Greece,37.75,26.966667,Europe
43150,Sitia,Greece,35.216667,26.133333,Europe
43100,Soudha,Greece,35.483333,24.183333,Europe
42570,Stratoni,Greece,40.516667,23.833333,Europe
42530,Thessaloniki,Greece,40.633333,22.933333,Europe
42460,Tsingeli,Greece,39.166667,22.85,Europe
42470,Volos,Greece,39.366667,22.95,Europe
42550,Yerakini,Greece,40.266667,23.466667,Europe
41950,Yithion,Greece,36.75,22.566667,Europe
11670,St George's,Grenada,12.05,-61.75,Caribbean
11460,Basse Terre,Guadeloupe,16,-61.733333,Caribbean
11380,Gustavia,Guadeloupe,17.9,-62.85,Caribbean
11450,Pointe A Pitre,Guadeloupe,16.233333,-61.533333,Caribbean
11470,Port Louis,Guadeloupe,16.416667,-61.533333,Caribbean
35980,Alderney Harbour,Guernsey,49.733333,-2.2,North Atlantic
36000,Saint Peter Port,Guernsey,49.45,-2.533333,North Atlantic
35990,Saint Sampson,Guernsey,49.483333,-2.516667,North Atlantic
10930,Cap Haitien,Haiti,19.766667,-72.2,Caribbean
10820,Jacmel,Haiti,18.233333,-72.533333,Caribbean
10860,Miragoane,Haiti,18.45,-73.083333,Caribbean
10870,Petit Goave,Haiti,18.433333,-72.866667,Caribbean
10880,Port Au Prince,Haiti,18.55,-72.35,Caribbean
45795,El Jadida,Morocco,33.25,-8.5,Atlantic Ocean
45796,El Jorf Lasfar,Morocco,33.116667,-8.616667,Atlantic Ocean
45800,Essaouira,Morocco,31.5,-9.783333,Atlantic Ocean
45785,Kenitra,Morocco,34.3,-6.6,Atlantic Ocean
45790,Mohammedia,Morocco,33.716667,-7.4,Atlantic Ocean
45720,Port D Al Hoceima,Morocco,35.25,-3.916667,Atlantic Ocean
45762,Port Nador,Morocco,35.283333,-2.933333,Atlantic Ocean
45797,Safi,Morocco,32.3,-9.25,Atlantic Ocean
45755,Tanger,Morocco,35.783333,-5.816667,Atlantic Ocean
45753,Tangier-Mediterranean,Morocco,35.9,-5.516667,Atlantic Ocean
31060,Amsterdam,Netherlands,52.366667,4.9,Europe
30990,Delfzijl,Netherlands,53.333333,6.933333,Europe
31020,Den Helder,Netherlands,52.966667,4.783333,Europe
31150,Dordrecht,Netherlands,51.816667,4.65,Europe
30985,Eemshaven,Netherlands,53.45,6.833333,Europe
31085,Europoort,Netherlands,51.95,4.116667,Europe
31215,Hansweert,Netherlands,51.45,4,Europe
31010,Harlingen,Netherlands,53.183333,5.416667,Europe
31080,Hoek Van Holland,Netherlands,51.95,4.133333,Europe
31040,Ijmuiden,Netherlands,52.466667,4.583333,Europe
31100,Maassluis,Netherlands,51.916667,4.25,Europe
31140,Rotterdam,Netherlands,51.9,4.483333,Europe
31070,Scheveningen,Netherlands,52.1,4.266667,Europe
31130,Schiedam,Netherlands,51.9,4.4,Europe
31220,Terneuzen,Netherlands,51.35,3.816667,Europe
31120,Vlaardingen,Netherlands,51.9,4.35,Europe
31210,Vlissingen,Netherlands,51.45,3.6,Europe
31050,Zaandam,Netherlands,52.433333,4.833333,Europe
23465,Akrahamn,Norway,59.266667,5.183333,Europe
23120,Alesund,Norway,62.466667,6.166667,Europe
21130,Alta,Norway,69.973333333,23.235277778,Europe
23111,Andalsnes,Norway,62.568055556,7.677222222,Europe
21660,Andenes,Norway,69.328333333,16.127777778,Europe
23136,Ardalstangen,Norway,61.232777778,7.698611111,Europe
23600,Arendal,Norway,58.453888889,8.776944444,Europe
21840,Ballstad,Norway,68.066667,13.7,Europe
20695,Batsfjorden,Norway,70.634722222,29.737222222,Europe
23020,Berg,Norway,65.365277778,12.196666667,Europe
23160,Bergen,Norway,60.402777778,5.298611111,Europe
20710,Berlevag,Norway,70.861666667,29.111944444,Europe
22290,Bodo,Norway,67.285555556,14.364166667,Europe
23180,Brattholmen,Norway,60.348611111,5.1775,Europe
20940,Bredvik,Norway,70.583333,22.133333,Europe
21920,Brettesnes,Norway,68.233333,14.85,Europe
23660,Brevik,Norway,59.066667,9.7,Europe
22990,Bronnoysund,Norway,65.468055556,12.196111111,Europe
23107,Bud,Norway,62.9,6.916667,Europe
23058,Djupviken,Norway,63.787777778,11.427222222,Europe
22120,Drag,Norway,68.05,16.083333,Europe
23780,Drammen,Norway,59.733333,10.25,Europe
23820,Drobak,Norway,59.660555556,10.625,Europe
23490,Egersund,Norway,58.438611111,5.986388889,Europe
23455,Espevaer,Norway,59.583333,5.15,Europe
23817,Fagerstrand,Norway,59.733055556,10.584722222,Europe
23520,Farsund,Norway,58.086388889,6.811388889,Europe
22320,Fauske,Norway,67.25,15.398888889,Europe
23065,Fiborgtangen,Norway,63.717642991,11.14797225,Europe
21490,Finnsnes,Norway,69.233333,17.966667,Europe
23510,Flekkefjorden,Norway,58.264166667,6.655277778,Europe
23130,Floro,Norway,61.603888889,5.030833333,Europe
23840,Fredrikstad,Norway,59.179166667,10.952777778,Europe
21380,Gibostad,Norway,69.356111111,18.081944444,Europe
22540,Glomfjord,Norway,66.8075,13.980277778,Europe
23170,Haakonsvern,Norway,60.333164356,5.235305876,Europe
23850,Halden,Norway,59.116667,11.383333,Europe
20920,Hammerfest,Norway,70.666667,23.666667,Europe
23112,Hareid,Norway,62.372222222,6.035555556,Europe
23108,Haroysund,Norway,62.891111111,6.958055556,Europe
21610,Harstad,Norway,68.8,16.55,Europe
23440,Haugesund,Norway,59.412222222,5.253611111,Europe
22790,Hemnesberget,Norway,66.233333,13.616667,Europe
21880,Henningsvaer,Norway,68.153611111,14.212777778,Europe
23760,Holmestrand,Norway,59.490555556,10.326666667,Europe
23080,Hommelvik,Norway,63.416667,10.8,Europe
20800,Honningsvag,Norway,70.98258756,25.950055502,Europe
23750,Horten,Norway,59.416667,10.5,Europe
23355,Husnes,Norway,59.8775,5.762222222,Europe
23503,Jossingfjord,Norway,58.314907138,6.333204587,Europe
23829,Kambo,Norway,59.473055556,10.679722222,Europe
23451,Karsto,Norway,59.266667,5.516667,Europe
23505,Kirkehamn,Norway,58.231388889,6.527222222,Europe
20650,Kirkenes,Norway,69.729722222,30.068888889,Europe
22270,Kjerringoy,Norway,67.5225,14.759722222,Europe
20740,Kjollefjorden,Norway,70.95,27.333333,Europe
23450,Kopervik,Norway,59.283333,5.316667,Europe
22140,Korsnes,Norway,68.251944444,16.061666667,Europe
23640,Kragero,Norway,58.863611111,9.413055556,Europe
23550,Kristiansand,Norway,58.138888889,8.012777778,Europe
23100,Kristiansund,Norway,63.113888889,7.738611111,Europe
20910,Kvalsund,Norway,70.506944444,23.983333333,Europe
22295,Lakselv,Norway,67.357777778,15.592222222,Europe
23070,Langstein,Norway,63.548611111,10.89,Europe
23700,Larvik,Norway,59.038055556,10.031111111,Europe
23340,Leirvik,Norway,59.758333333,5.496666667,Europe
23060,Levanger,Norway,63.754722222,11.293333333,Europe
22010,Lilandsgrunnen,Norway,68.478055556,16.890555556,Europe
22050,Litle Ballangen,Norway,68.348611111,16.872777778,Europe
21950,Lodingen,Norway,68.416667,16,Europe
23053,Malm,Norway,64.067222222,11.2275,Europe
23125,Maloy,Norway,61.933333,5.116667,Europe
23530,Mandal,Norway,58.016667,7.466667,Europe
21495,Medby,Norway,68.908888889,17.728333333,Europe
20730,Mehamnfjorden,Norway,71.041346614,27.835338465,Europe
23300,Meling,Norway,59.783333,5.116667,Europe
22760,Mo I Rana,Norway,66.324444444,14.122222222,Europe
23110,Molde,Norway,62.733333,7.166667,Europe
23115,Moldtustranda,Norway,62.3,5.65,Europe
23138,Mongstad,Norway,60.830833333,5.036666667,Europe
22920,Mosjoen,Norway,65.858888889,13.170833333,Europe
23830,Moss,Norway,59.440555556,10.655277778,Europe
23310,Mosterhamn,Norway,59.698888889,5.391111111,Europe
23075,Muruvik,Norway,63.441388889,10.841388889,Europe
23050,Namsos,Norway,64.458333333,11.509444444,Europe
22030,Narvik,Norway,68.421111111,17.402222222,Europe
22770,Nesna,Norway,66.200987053,13.010143534,Europe
23230,Norheimsund,Norway,60.366111111,6.153888889,Europe
23240,Odda,Norway,60.096944444,6.541111111,Europe
21120,Oksfjord,Norway,70.233333,22.35,Europe
21315,Olavsvern,Norway,69.525629248,19.007549286,Europe
22520,Ornes,Norway,66.864722222,13.706944444,Europe
23118,Orstav,Norway,62.196111111,6.114444444,Europe
23810,Oslo,Norway,59.898055556,10.745555556,Europe
23670,Porsgrunn,Norway,59.147222222,9.653888889,Europe
21820,Reine,Norway,67.938611111,13.101666667,Europe
23500,Rekefjord,Norway,58.325833333,6.258333333,Europe
23630,Risor,Norway,58.721944444,9.245277778,Europe
22350,Rognan,Norway,67.108611111,15.397777778,Europe
23040,Rorvik,Norway,64.864722222,11.251944444,Europe
23330,Sagvag,Norway,59.771666667,5.378888889,Europe
23046,Salsbruket,Norway,64.797777778,11.860277778,Europe
23710,Sandefjorden,Norway,59.100555556,10.233055556,Europe
23470,Sandnes,Norway,58.873333333,5.752777778,Europe
22750,Sandnessjoen,Norway,66.026388889,12.629444444,Europe
23835,Sarpsborg,Norway,59.266667,11.1,Europe
23460,Sauda,Norway,59.636944444,6.341111111,Europe
21510,Sjovegan,Norway,68.873611111,17.828611111,Europe
23680,Skien,Norway,59.199722222,9.603611111,Europe
21910,Skrova Havn,Norway,68.165833333,14.664166667,Europe
23485,Skudeneshavn,Norway,59.143333333,5.258333333,Europe
23736,Slagenstangen,Norway,59.327777778,10.519444444,Europe
21670,Sortland,Norway,68.696944444,15.421944444,Europe
20930,Sorvaer,Norway,70.627222222,21.964722222,Europe
21870,Stamsund,Norway,68.121111111,13.848888889,Europe
23480,Stavanger,Norway,58.966667,5.75,Europe
23055,Steinkjer,Norway,64.01,11.478611111,Europe
21690,Stokkmarknes,Norway,68.566667,14.916667,Europe
23790,Storsteilene,Norway,59.816666667,10.6075,Europe
23220,Strandvik,Norway,60.158611111,5.677777778,Europe
23139,Stura,Norway,60.622222222,4.863333333,Europe
23525,Stusvik,Norway,58.004444444,7.034166667,Europe
23105,Sunndalsora,Norway,62.683333,8.55,Europe
23770,Svelvik,Norway,59.620277778,10.411388889,Europe
21900,Svolvaer,Norway,68.233333,14.583333,Europe
21140,Talvik,Norway,70.033333333,22.95,Europe
23487,Tananger,Norway,58.93,5.570833333,Europe
23095,Thamshamm,Norway,63.323611111,9.872222222,Europe
22940,Tjotta,Norway,65.821111111,12.433333333,Europe
23823,Tofte,Norway,59.544166667,10.570555556,Europe
23720,Tonsberg,Norway,59.262222222,10.41,Europe
23195,Tranneset,Norway,60.416667,5.016667,Europe
22160,Tranoy,Norway,68.180833333,15.673611111,Europe
21310,Tromso,Norway,69.65,18.966667,Europe
23090,Trondheim,Norway,63.448333333,10.401666667,Europe
23620,Tvedestrand,Norway,58.611666667,8.9425,Europe
21970,Ulvik,Norway,68.560833333,16.233888889,Europe
20690,Vadso,Norway,70.072222222,29.741388889,Europe
23140,Vaksdal,Norway,60.478333333,5.732777778,Europe
23730,Valloy,Norway,59.258055556,10.49,Europe
20700,Vardo,Norway,70.376944444,31.105555556,Europe
28790,Darlowo,Poland,54.433333,16.416667,Europe
28710,Gdansk,Poland,54.35,18.666667,Europe
28740,Gdynia,Poland,54.533333,18.55,Europe
28800,Kolobrzeg,Poland,54.216667,15.55,Europe
28720,Nowy Port,Poland,54.416667,18.666667,Europe
28750,Police,Poland,53.566667,14.566667,Europe
28715,Port Polnochny,Poland,54.4,18.716667,Europe
28820,Swinoujscie,Poland,53.916667,14.266667,Europe
28823,Szczecin,Poland,53.416667,14.55,Europe
28770,Ustka,Poland,54.583333,16.85,Europe
38090,Angra Do Heroismo,Portugal,38.65,-27.216667,Europe
37970,Aveiro,Portugal,40.65,-8.65,Europe
38030,Faro,Portugal,37.033333,-7.933333,Europe
37980,Figueira Da Foz,Portugal,40.15,-8.85,Europe
38130,Funchal,Portugal,32.633333,-16.916667,Europe
38080,Horta,Portugal,38.533333,-28.633333,Europe
38083,Lajes,Portugal,38.4,-28.266667,Europe
37990,Lisboa,Portugal,38.7,-9.166667,Europe
37960,Oporto,Portugal,41.15,-8.666667,Europe
38100,Ponta Delgada,Portugal,37.733333,-25.666667,Europe
37950,Porto De Leixoes,Portugal,41.183333,-8.7,Europe
38095,Praia De Vitoria,Portugal,38.716667,-27.05,Europe
38000,Setubal,Portugal,38.516667,-8.9,Europe
38005,Sines,Portugal,37.95,-8.866667,Europe
37940,Viana Do Castelo,Portugal,41.7,-8.833333,Europe
38110,Vila Do Porto,Portugal,36.933333,-25.15,Europe
38050,Vila Real De S Antonio,Portugal,37.183333,-7.4,Europe
11090,Aguadilla,Puerto Rico,18.433333,-67.15,Caribbean
11100,Arecibo,Puerto Rico,18.483333,-66.7,Caribbean
11230,Arroyo,Puerto Rico,17.966667,-66.066667,Caribbean
11160,Bahia De Fajardo,Puerto Rico,18.333333,-65.633333,Caribbean
11240,Bahia De Jobos,Puerto Rico,17.95,-66.183333,Caribbean
11170,Ensenada Honda,Puerto Rico,18.233333,-65.633333,Caribbean
11250,Las Mareas,Puerto Rico,17.95,-66.166667,Caribbean
11290,Mayaguez,Puerto Rico,18.2,-67.15,Caribbean
11280,Playa De Guanica,Puerto Rico,17.966667,-66.916667,Caribbean
11270,Playa De Guayanilla,Puerto Rico,18.016667,-66.766667,Caribbean
11190,Playa De Humacao,Puerto Rico,18.166667,-65.75,Caribbean
11260,Playa De Ponce,Puerto Rico,17.983333,-66.616667,Caribbean
11205,Puerto Yabucoa,Puerto Rico,18.05,-65.833333,Caribbean
11110,San Juan,Puerto Rico,18.466667,-66.116667,Caribbean
43558,Basarabi,Romania,44.166667,28.433333,Europe
43590,Braila,Romania,45.25,27.983333,Europe
43566,Cernavoda,Romania,44.333333,28.05,Europe
43560,Constanta,Romania,44.166667,28.65,Europe
43565,Danube-Black Sea Canal,Romania,44.266667,28.183333,Europe
43600,Galati,Romania,45.416667,28.083333,Europe
43550,Mangalia,Romania,43.816667,28.583333,Europe
43562,Medgidia,Romania,44.25,28.266667,Europe
43568,Midia,Romania,44.35,28.666667,Europe
43570,Sulina,Romania,45.166667,29.666667,Europe
43572,Tulcea,Romania,45.166667,28.816667,Europe
44270,Adler,Russia,43.433333,39.933333,Eurasia
61040,Aleksandrovsk -Sakhalinskiy,Russia,50.9,142.133333,Eurasia
44180,Anapa,Russia,44.883333,37.316667,Eurasia
62800,Arkhangels'k,Russia,64.529722222,40.521666667,Eurasia
44080,Azov,Russia,47.1,39.433333,Eurasia
28680,Baltiysk,Russia,54.633333,19.9,Eurasia
62900,Bolshaya Piryu Guba,Russia,66.673055556,34.361388889,Eurasia
60720,Bukhta Gaydamak,Russia,42.866667,132.683333,Eurasia
62550,Bukhta Nagayeva (Magadan),Russia,59.566667,150.716667,Eurasia
60800,Bukhta Vanino,Russia,49.083333,140.283333,Eurasia
60810,De Kastri,Russia,51.466667,140.783333,Eurasia
62720,Dudinka,Russia,69.4,86.166667,Eurasia
28310,Gavan Vysotsk,Russia,60.616667,28.566667,Eurasia
44210,Gelendzhik,Russia,44.55,38.066667,Eurasia
62730,Igarka,Russia,67.458333333,86.588888889,Eurasia
28690,Kaliningrad,Russia,54.7,20.483333,Eurasia
62890,Kandalaksha,Russia,67.133333,32.416667,Eurasia
44162,Kavkaz Oil Terminal,Russia,45.333333,36.65,Eurasia
60940,Kholmsk,Russia,47.05,142.05,Eurasia
60920,Korsakov,Russia,46.616667,142.766667,Eurasia
28400,Kronshtadt,Russia,59.983333,29.783333,Eurasia
61045,Lazarev,Russia,52.216667,141.516667,Eurasia
60990,Lesogorsk,Russia,49.45,142.133333,Eurasia
28390,Lomonosov,Russia,59.916667,29.766667,Eurasia
62775,Mezen,Russia,65.833333,44.183333,Eurasia
61060,Moskal Vo,Russia,53.583333,142.5,Eurasia
62950,Murmansk,Russia,68.983333,33.05,Eurasia
62970,Mys Abram,Russia,68.983333,33.033333,Eurasia
61020,Mys Rogatyy Oktyabrskiy,Russia,50.733333,142.1,Eurasia
60730,Nakhodka,Russia,42.8,132.883333,Eurasia
60930,Nevelsk,Russia,46.666667,141.866667,Eurasia
62630,Nikol Skoye,Russia,55.2,165.983333,Eurasia
60820,Nikolayevsk Na Amur,Russia,53.133333,140.733333,Eurasia
44200,Novorossiysk,Russia,44.716667,37.783333,Eurasia
62540,Okhotsk Iy Reyd,Russia,59.366667,143.2,Eurasia
62910,Ostrovnoy Gremikha,Russia,68.058333333,39.525555556,Eurasia
62600,Petropavlovsk,Russia,53.05,158.65,Eurasia
62680,Pevek,Russia,69.716667,170.3,Eurasia
60880,Poronaysk,Russia,49.216667,143.133333,Eurasia
62635,Port Beringovsky,Russia,63.063055556,179.3675,Eurasia
62695,Port Dikson,Russia,73.506388889,80.506111111,Eurasia
60540,Pos'yet,Russia,42.65,130.8,Eurasia
28360,Primorsk,Russia,60.366667,28.633333,Eurasia
62640,Provideniya,Russia,64.421111111,-173.2275,Eurasia
62840,Rabocheostrovsk,Russia,64.991666667,34.795277778,Eurasia
44070,Rostov-Na-Donu,Russia,47.166667,39.716667,Eurasia
28370,Sankt-Peterburg,Russia,59.933333,30.3,Eurasia
62810,Severodvinsk,Russia,64.577222222,39.773055556,Eurasia
60981,Shakhtersk,Russia,49.166667,142.066667,Eurasia
61090,Shakotan,Russia,43.866667,146.833333,Eurasia
62535,Slavyanka,Russia,42.866667,131.383333,Eurasia
44240,Sochi,Russia,43.583333,39.733333,Eurasia
60795,Sovetskaya Gavan,Russia,48.973611111,140.268055556,Eurasia
44060,Taganrog,Russia,47.2,38.95,Eurasia
44140,Temryuk,Russia,45.35,37.35,Eurasia
62670,Tiksi,Russia,71.644444444,128.890555556,Eurasia
44230,Tuapse,Russia,44.1,39.066667,Eurasia
60980,Uglegorsk,Russia,49.083333,142.033333,Eurasia
28410,Ust Luga,Russia,59.666667,28.316667,Eurasia
60870,Vitaz Marine Terminal,Russia,52.7,143.55,Eurasia
62894,Vitino,Russia,67.083333,32.316667,Eurasia
60610,Vladivostok,Russia,43.108888889,131.888333333,Eurasia
60725,Vostochnyy,Russia,42.75,133.083333,Eurasia
28300,Vyborg,Russia,60.716667,28.75,Eurasia
44090,Yeysk,Russia,46.733333,38.266667,Eurasia
60582,Zarubino,Russia,42.633333,131.083333,Eurasia
11400,Basseterre,Saint Kitts and Nevis,17.3,-62.716667,Caribbean
11630,Castries,Saint Lucia,14.016667,-61,Caribbean
11625,Grand Cul De Sac Bay,Saint Lucia,13.983333,-61.016667,Caribbean
11620,Vieux Fort,Saint Lucia,13.716667,-60.966667,Caribbean
40860,Koper,Slovenia,45.55,13.733333,Europe
40870,Piran,Slovenia,45.533333,13.566667,Europe
38380,Adra,Spain,36.733333,-3.033333,Europe
38410,Aguilas,Spain,37.4,-1.566667,Europe
38310,Algeciras,Spain,36.133333,-5.433333,Europe
38440,Alicante,Spain,38.333333,-0.483333,Europe
38390,Almeria,Spain,36.833333,-2.466667,Europe
38190,Arrecife,Spain,28.95,-13.533333,Europe
37600,Aviles,Spain,43.6,-5.933333,Europe
38550,Barcelona,Spain,41.35,2.166667,Europe
37350,Bermeo,Spain,43.416667,-2.716667,Europe
38495,Burriana,Spain,39.883333,-0.05,Europe
38290,Cadiz,Spain,36.533333,-6.3,Europe
45730,Ceuta,Spain,35.9,-5.316667,Europe
38500,El Grao,Spain,39.966667,0.016667,Europe
37740,Ferrol,Spain,43.483333,-8.233333,Europe
37560,Gijon,Spain,43.55,-5.666667,Europe
38420,Hornillo,Spain,37.4,-1.55,Europe
38220,Huelva,Spain,37.25,-6.95,Europe
38610,Ibiza,Spain,38.9,1.45,Europe
38433,Islas Hormigas,Spain,37.65,-0.65,Europe
37770,La Coruna,Spain,43.366667,-8.4,Europe
38585,Las Hormigas,Spain,41.866667,3.183333,Europe
38170,Las Palmas,Spain,28.15,-15.416667,Europe
38690,Mahon,Spain,39.883333,4.266667,Europe
38370,Malaga,Spain,36.716667,-4.416667,Europe
37860,Marin,Spain,42.4,-8.7,Europe
38375,Motril,Spain,36.75,-3.516667,Europe
38580,Palamos,Spain,41.833333,3.116667,Europe
38630,Palma De Mallorca,Spain,39.566667,2.633333,Europe
38670,Puerto De Alcudia,Spain,39.833333,3.133333,Europe
37400,Puerto De Bilbao,Spain,43.35,-3.05,Europe
38395,Puerto De Carboneras,Spain,37,-1.883333,Europe
38460,Puerto De Gandia,Spain,39,-0.15,Europe
38398,Puerto De Garrucha,Spain,37.183333,-1.816667,Europe
37290,Puerto De Pasajes,Spain,43.333333,-1.933333,Europe
38180,Puerto Del Rosario,Spain,28.5,-13.85,Europe
37670,Ribadeo,Spain,43.533333,-7.033333,Europe
38590,Rosas,Spain,42.266667,3.183333,Europe
38280,Rota,Spain,36.616667,-6.333333,Europe
38490,Sagunto,Spain,39.65,-0.216667,Europe
37690,San Ciprian,Spain,43.7,-7.433333,Europe
38570,San Feliu De Guixols,Spain,41.783333,3.033333,Europe
38150,Santa Cruz De La Palma,Spain,28.683333,-17.75,Europe
38160,Santa Cruz De Tenerife,Spain,28.466667,-16.233333,Europe
37470,Santander,Spain,43.466667,-3.783333,Europe
38270,Sevilla,Spain,37.366667,-6,Europe
38540,Tarragona,Spain,41.1,1.233333,Europe
38435,Torrevieja,Spain,37.966667,-0.683333,Europe
38480,Valencia,Spain,39.45,-0.316667,Europe
37900,Vigo,Spain,42.233333,-8.716667,Europe
37830,Villagarcia De Arosa,Spain,42.6,-8.766667,Europe
38543,Villanueva Y Geltru,Spain,41.233333,1.733333,Europe
20560,Barentsburg,Svalbard,78.059444444,14.202222222,Arctic Ocean
20570,Longyearbyen,Svalbard,78.227222222,15.633333333,Arctic Ocean
20580,Ny Alesund,Svalbard,78.928333333,11.933055556,Arctic Ocean
24300,Ahus,Sweden,55.9275,14.328055556,Europe
24530,Bergkvara,Sweden,56.383333,16.1,Europe
26430,Bollstabruk,Sweden,63,17.7,Europe
23905,Bovallstrand,Sweden,58.483333,11.333333,Europe
27130,Brannfors,Sweden,65.016667,21.383333,Europe
23950,Brofjorden,Sweden,58.360277778,11.421111111,Europe
24790,Degerhamn,Sweden,56.35,16.416667,Europe
26720,Domsjo,Sweden,63.266667,18.733333,Europe
24040,Falkenberg,Sweden,56.881666667,12.466111111,Europe
24900,Farosund,Sweden,57.916667,19.05,Europe
24720,Figeholm,Sweden,57.366667,16.5,Europe
23900,Fjallbacka,Sweden,58.600277778,11.277222222,Europe
25590,Gavle,Sweden,60.683333,17.166667,Europe
24020,Goteborg,Sweden,57.709722222,11.954722222,Europe
23890,Grebbestad,Sweden,58.676944444,11.247777778,Europe
25440,Grisslehamn,Sweden,60.1,18.816667,Europe
26990,Gumbodahamn,Sweden,64.233333,21.1,Europe
25360,Gustavsberg,Sweden,59.316667,18.383333,Europe
26310,Gustavsvik,Sweden,62.833333,17.883333,Europe
25460,Hallstavik,Sweden,60.05,18.583333,Europe
24050,Halmstad,Sweden,56.666667,12.866667,Europe
25480,Hargshamn,Sweden,60.183333,18.45,Europe
26240,Harnosand,Sweden,62.633333,17.933333,Europe
24120,Helsingborg,Sweden,56.035277778,12.687777778,Europe
24100,Hoganas,Sweden,56.196666667,12.544722222,Europe
25780,Hudiksvall,Sweden,61.733333,17.116667,Europe
23910,Hunnebostrand,Sweden,58.437777778,11.286111111,Europe
25760,Iggesund,Sweden,61.65,17.083333,Europe
27090,Kagehamn,Sweden,64.833333,21.033333,Europe
24570,Kalmar,Sweden,56.666667,16.366667,Europe
27280,Karlsborg,Sweden,65.8,23.283333,Europe
24370,Karlshamn,Sweden,56.152777778,14.869166667,Europe
24460,Karlskrona,Sweden,56.166667,15.6,Europe
25570,Karskar,Sweden,60.683333,17.266667,Europe
24960,Klintehamn,Sweden,57.383333,18.2,Europe
26710,Kopmanholmen,Sweden,63.166667,18.583333,Europe
26380,Kramfors,Sweden,62.933333,17.8,Europe
24180,Landskrona,Sweden,55.859722222,12.826666667,Europe
24220,Limhamn,Sweden,55.591111111,12.918333333,Europe
27220,Lulea,Sweden,65.583333,22.166667,Europe
26340,Lunde,Sweden,62.883333,17.883333,Europe
23970,Lysekil,Sweden,58.271388889,11.444166667,Europe
24210,Malmo,Sweden,55.623333333,12.984722222,Europe
24010,Marstrand,Sweden,57.883888889,11.588333333,Europe
26810,Nordmaling,Sweden,63.566667,19.483333,Europe
25190,Norrkoping,Sweden,58.583333,16.2,Europe
25610,Norrsundet,Sweden,60.933333,17.166667,Europe
25290,Nykoping,Sweden,58.75,17.016667,Europe
25330,Nynashamn,Sweden,58.9,17.966667,Europe
26880,Obbola,Sweden,63.7,20.333333,Europe
26730,Ornskoldsvik,Sweden,63.283333,18.716667,Europe
24690,Oskarshamn,Sweden,57.266667,16.45,Europe
25280,Oxelosund,Sweden,58.666667,17.116667,Europe
27190,Pitea,Sweden,65.316667,21.483333,Europe
24810,Ronehamn,Sweden,57.116667,18.5,Europe
24440,Ronneby,Sweden,56.172777778,15.301388889,Europe
26800,Rundvik,Sweden,63.533333,19.45,Europe
25700,Sandarne,Sweden,61.266667,17.183333,Europe
25370,Sandhamn,Sweden,59.283333,18.916667,Europe
27330,Sandvik,Sweden,65.733333,23.766667,Europe
24280,Simrishamn,Sweden,55.558333333,14.358055556,Europe
27080,Skelleftehamn,Sweden,64.683333,21.233333,Europe
25550,Skutskar,Sweden,60.65,17.4,Europe
24840,Slite,Sweden,57.7,18.816667,Europe
25720,Soderhamn,Sweden,61.3,17.083333,Europe
25320,Sodertalje,Sweden,59.183333,17.65,Europe
24310,Solvesborg,Sweden,56.045555556,14.586388889,Europe
26180,Soraker,Sweden,62.5,17.5,Europe
24000,Stenungsund,Sweden,58.079722222,11.8,Europe
25800,Stocka,Sweden,61.9,17.35,Europe
25380,Stockholm,Sweden,59.333333,18.05,Europe
25900,Stockvik,Sweden,62.333333,17.383333,Europe
24635,Stora Jatterson,Sweden,57.1,16.566667,Europe
24940,Storugns,Sweden,57.833333,18.8,Europe
23870,Stromstad,Sweden,58.933333,11.166667,Europe
25910,Sundsvall,Sweden,62.383333,17.35,Europe
27250,Torehamn,Sweden,65.9,22.65,Europe
24250,Trelleborg,Sweden,55.36,13.150555556,Europe
23990,Uddevalla,Sweden,58.334722222,11.8775,Europe
26280,Ulvvik,Sweden,62.666667,17.866667,Europe
26890,Umea Hamn,Sweden,63.7,20.35,Europe
26290,Utansjo,Sweden,62.766667,17.933333,Europe
26420,Vaja,Sweden,62.983333,17.716667,Europe
25640,Vallvik,Sweden,61.183333,17.166667,Europe
24030,Varberg,Sweden,57.108888889,12.2325,Europe
25395,Vasteras,Sweden,59.616667,16.55,Europe
25060,Vastervik,Sweden,57.766667,16.65,Europe
25050,Verkeback,Sweden,57.733333,16.533333,Europe
24950,Visby,Sweden,57.633333,18.283333,Europe
26140,Vivstavarv,Sweden,62.483333,17.35,Europe
24260,Ystad,Sweden,55.418333333,13.818055556,Europe
45377,Ashtart Oil Terminal,Tunisia,34.283333,11.383333,Mediterranean Sea
45440,Banzart,Tunisia,37.283333,9.883333,Mediterranean Sea
45368,Didon Terminal,Tunisia,33.783333,11.9,Mediterranean Sea
45375,Gabes,Tunisia,33.9,10.116667,Mediterranean Sea
45370,Houmt Souk,Tunisia,33.883333,10.85,Mediterranean Sea
45420,La Goulette,Tunisia,36.8,10.3,Mediterranean Sea
45400,Mahdia,Tunisia,35.5,11.066667,Mediterranean Sea
45444,Menzel Bourguiba,Tunisia,37.15,9.8,Mediterranean Sea
45390,Mersa Sfax,Tunisia,34.733333,10.766667,Mediterranean Sea
45432,Rades,Tunisia,36.816667,10.3,Mediterranean Sea
45380,Skhira,Tunisia,34.283333,10.1,Mediterranean Sea
45410,Sousse,Tunisia,35.833333,10.65,Mediterranean Sea
45460,Tabarka,Tunisia,36.966667,8.766667,Mediterranean Sea
45435,Tazerka Oil Terminal,Tunisia,36.6,11.683333,Mediterranean Sea
45430,Tunis,Tunisia,36.8,10.25,Mediterranean Sea
45365,Zarzis,Tunisia,33.5,11.116667,Mediterranean Sea
44807,Aksaz Limani,Turkey,36.833333,28.383333,Mediterranean Sea
44825,Alanya,Turkey,36.533333,32,Mediterranean Sea
43334,Aliaga,Turkey,38.833333,26.933333,Mediterranean Sea
43388,Ambarli,Turkey,40.966667,28.7,Mediterranean Sea
44820,Antalya,Turkey,36.833333,30.616667,Mediterranean Sea
44808,Antalya Offshore Terminal,Turkey,36.816667,30.6,Mediterranean Sea
44730,Ayvalik,Turkey,39.316667,26.7,Mediterranean Sea
44650,Bandirma,Turkey,40.35,27.966667,Mediterranean Sea
44790,Bodrum,Turkey,37.033333,27.433333,Mediterranean Sea
43384,Borusan Fertilizer Jetty,Turkey,40.416667,29.1,Mediterranean Sea
44870,Botas,Turkey,36.883333,35.933333,Mediterranean Sea
44802,Botas Dortyol Oil Terminal,Turkey,36.866667,36.133333,Mediterranean Sea
44542,Botas Natural Gas Terminal,Turkey,41,27.983333,Mediterranean Sea
44690,Canakkale,Turkey,40.15,26.4,Mediterranean Sea
43430,Defterdar Burnu,Turkey,41.05,29.033333,Mediterranean Sea
44804,Delta Terminal,Turkey,36.85,36.166667,Mediterranean Sea
44610,Derince Burnu,Turkey,40.75,29.816667,Mediterranean Sea
44740,Dikili,Turkey,39.016667,26.816667,Mediterranean Sea
43370,Eceabat,Turkey,40.183333,26.366667,Mediterranean Sea
44660,Erdek,Turkey,40.383333,27.8,Mediterranean Sea
44500,Eregli,Turkey,41.3,31.45,Mediterranean Sea
44810,Fethiye,Turkey,36.633333,29.1,Mediterranean Sea
44622,Gebze,Turkey,40.766667,29.55,Mediterranean Sea
43380,Gelibolu,Turkey,40.4,26.666667,Mediterranean Sea
43340,Gemlik,Turkey,40.416667,29.116667,Mediterranean Sea
44410,Giresun,Turkey,40.933333,38.4,Mediterranean Sea
44625,Golcuk Burnu,Turkey,40.733333,29.816667,Mediterranean Sea
44751,Gulluk,Turkey,37.25,27.616667,Mediterranean Sea
44540,Haydarpasa,Turkey,41,29.016667,Mediterranean Sea
44370,Hopa,Turkey,41.416667,41.4,Mediterranean Sea
44480,Inebolu,Turkey,41.983333,33.766667,Mediterranean Sea
44880,Iskenderun,Turkey,36.6,36.166667,Mediterranean Sea
43420,Istanbul,Turkey,41.016667,28.966667,Mediterranean Sea
43435,Istinye,Turkey,41.116667,29.05,Mediterranean Sea
44750,Izmir,Turkey,38.433333,27.133333,Mediterranean Sea
44620,Izmit,Turkey,40.766667,29.916667,Mediterranean Sea
44605,Kaba Burnu,Turkey,40.766667,29.533333,Mediterranean Sea
44670,Karabiga,Turkey,40.4,27.316667,Mediterranean Sea
44770,Kusadasi,Turkey,37.866667,27.25,Mediterranean Sea
44805,Marmaris,Turkey,36.85,28.283333,Mediterranean Sea
44860,Mersin,Turkey,36.8,34.633333,Mediterranean Sea
44640,Mudanya,Turkey,40.383333,28.883333,Mediterranean Sea
44752,Nemrut Limani Bay,Turkey,38.766667,26.916667,Mediterranean Sea
44420,Ordu,Turkey,41,37.883333,Mediterranean Sea
44380,Rize,Turkey,41.066667,40.516667,Mediterranean Sea
44450,Samsun,Turkey,41.3,36.35,Mediterranean Sea
44460,Sinop,Turkey,42.05,35.166667,Mediterranean Sea
44850,Tasucu,Turkey,36.316667,33.883333,Mediterranean Sea
43390,Tekirdag,Turkey,40.983333,27.516667,Mediterranean Sea
44801,Toros Gubre,Turkey,36.916667,35.966667,Mediterranean Sea
44390,Trabzon,Turkey,41.016667,39.766667,Mediterranean Sea
44803,Yakacik,Turkey,36.716667,36.183333,Mediterranean Sea
44603,Yarimca,Turkey,40.8,29.7,Mediterranean Sea
44490,Zonguldak,Turkey,41.466667,31.816667,Mediterranean Sea
10025,Cockburn Harbor,Turks and Caicos Islands,21.5,-71.533333,Atlantic Ocean
10020,Grand Turk,Turks and Caicos Islands,21.433333,-71.15,Atlantic Ocean
10030,Providenciales,Turks and Caicos Islands,21.733333333,-72.283333333,Atlantic Ocean
11310,Charlotte Amalie,U.S. Virgin Islands,18.35,-64.933333,Caribbean
11340,Christiansted,U.S. Virgin Islands,17.75,-64.7,Caribbean
11320,Cruz Bay,U.S. Virgin Islands,18.333333,-64.8,Caribbean
11330,Frederiksted,U.S. Virgin Islands,17.716667,-64.883333,Caribbean
11335,Limetree Bay,U.S. Virgin Islands,17.7,-64.75,Caribbean
11336,Port Alucroix,U.S. Virgin Islands,17.7,-64.766667,Caribbean
43810,Alushta,Ukraine,44.683333,34.416667,Europe
43780,Balaklava,Ukraine,44.5,33.6,Europe
43700,Belgorod-Dnestrovsky,Ukraine,46.183333,30.366667,Europe
44000,Berdyansk,Ukraine,46.75,36.783333,Europe
43745,Chornomors Ke,Ukraine,45.516667,32.7,Europe
43677,Dnipro-Buzkyy,Ukraine,46.733333,31.883333,Europe
43850,Feodosiya,Ukraine,45.016667,35.433333,Europe
43940,Henichesk,Ukraine,46.166667,34.816667,Europe
43645,Illichivsk,Ukraine,46.3,30.65,Europe
43625,Izmayil,Ukraine,45.333333,28.85,Europe
43900,Kerch,Ukraine,45.35,36.483333,Europe
43680,Kherson,Ukraine,46.616667,32.6,Europe
43720,Khorly,Ukraine,46.083333,33.283333,Europe
43950,Kyrylivka,Ukraine,46.35,35.366667,Europe
44010,Mariupol,Ukraine,47.083333,37.566667,Europe
43670,Mykolayiv,Ukraine,46.95,31.983333,Europe
43650,Odesa,Ukraine,46.483333,30.733333,Europe
43673,Port Oktyabrsk,Ukraine,46.833333,31.933333,Europe
43925,Reni,Ukraine,45.433333,28.3,Europe
43760,Sevastopol,Ukraine,44.616667,33.533333,Europe
43710,Skadovs'k,Ukraine,46.1,32.916667,Europe
43835,Sudak,Ukraine,44.85,34.983333,Europe
43747,Ust-Dunaisk,Ukraine,45.466667,29.7,Europe
43790,Yalta,Ukraine,44.483333,34.166667,Europe
43750,Yevpatoriya,Ukraine,45.2,33.383333,Europe
43655,Yuzhnyy,Ukraine,46.6,31.016667,Europe
32220,Aberdeen,United Kingdom,57.15,-2.083333,Europe
33690,Ardglass,United Kingdom,54.266667,-5.616667,Europe
33340,Ardrishaig,United Kingdom,56.016667,-5.45,Europe
32830,Aultbea,United Kingdom,57.833333,-5.583333,Europe
35060,Avonmouth,United Kingdom,51.5,-2.716667,Europe
33560,Ayr,United Kingdom,55.466667,-4.633333,Europe
33577,Bangor,United Kingdom,54.65,-5.666667,Europe
34630,Barrow In Furness,United Kingdom,54.116667,-3.233333,Europe
34990,Barry,United Kingdom,51.4,-3.266667,Europe
33770,Belfast,United Kingdom,54.616667,-5.9,Europe
31860,Berwick-Upon-Tweed,United Kingdom,55.766667,-2,Europe
35150,Bideford,United Kingdom,51.033333,-4.2,Europe
35020,Bird Port,United Kingdom,51.566667,-2.966667,Europe
31820,Blyth,United Kingdom,55.116667,-1.5,Europe
31630,Boston,United Kingdom,52.966667,-0.0166669999999,Europe
33450,Bowling,United Kingdom,55.933333,-4.483333,Europe
31945,Braefoot Bay Terminal,United Kingdom,56.033333,-3.316667,Europe
35100,Bridgwater,United Kingdom,51.133333,-3,Europe
31680,Bridlington,United Kingdom,54.083333,-0.183333,Europe
35440,Bridport Harbour,United Kingdom,50.716667,-2.766667,Europe
35070,Bristol,United Kingdom,51.466667,-2.633333,Europe
35400,Brixham Harbour,United Kingdom,50.4,-3.516667,Europe
32920,Broadford Bay,United Kingdom,57.25,-5.883333,Europe
32290,Buckie Harbor,United Kingdom,57.683333,-2.966667,Europe
32320,Burghead,United Kingdom,57.7,-3.5,Europe
32030,Burntisland,United Kingdom,56.05,-3.233333,Europe
34780,Caernarvon,United Kingdom,53.15,-4.266667,Europe
33300,Campbeltown,United Kingdom,55.433333,-5.6,Europe
35010,Cardiff,United Kingdom,51.45,-3.166667,Europe
32980,Castle Bay,United Kingdom,56.95,-7.483333,Europe
35320,Charlestown,United Kingdom,50.333333,-4.75,Europe
31390,Chatham Docks,United Kingdom,51.4,0.55,Europe
31506,Colchester,United Kingdom,51.883333,0.916667,Europe
33820,Coleraine,United Kingdom,55.133333,-6.666667,Europe
33190,Corpach,United Kingdom,56.85,-5.116667,Europe
35550,Cowes Harbour,United Kingdom,50.766667,-1.3,Europe
33170,Craignure,United Kingdom,56.466667,-5.7,Europe
33290,Crinan (Canal),United Kingdom,56.083333,-5.566667,Europe
32340,Cromarty,United Kingdom,57.683333,-4.033333,Europe
35390,Dartmouth Harbour,United Kingdom,50.35,-3.616667,Europe
35710,Dover Harbor,United Kingdom,51.116667,1.333333,Europe
31890,Dunbar,United Kingdom,56,-2.516667,Europe
32170,Dundee,United Kingdom,56.466667,-2.95,Europe
31880,Eyemouth,United Kingdom,55.866667,-2.083333,Europe
35290,Falmouth Harbour,United Kingdom,50.15,-5.066667,Europe
33400,Faslane,United Kingdom,56.063889303,-4.819456751,Europe
35590,Fawley Marine Terminal,United Kingdom,50.816667,-1.333333,Europe
31560,Felixstowe,United Kingdom,51.95,1.316667,Europe
33405,Finnart Oil Terminal,United Kingdom,56.116667,-4.833333,Europe
34850,Fishguard,United Kingdom,52.016667,-4.983333,Europe
34660,Fleetwood,United Kingdom,53.916667,-3.016667,Europe
35700,Folkestone Harbour,United Kingdom,51.083333,1.2,Europe
33200,Fort William,United Kingdom,56.816667,-5.116667,Europe
35340,Fowey Harbour,United Kingdom,50.333333,-4.633333,Europe
32240,Fraserburgh Harbor,United Kingdom,57.683333,-2,Europe
32850,Gairloch,United Kingdom,57.716667,-5.683333,Europe
34648,Garlston,United Kingdom,53.35,-2.9,Europe
33490,Glasgow,United Kingdom,55.866667,-4.283333,Europe
33210,Glensanda,United Kingdom,56.566667,-5.533333,Europe
31670,Goole,United Kingdom,53.7,-0.833333,Europe
32010,Grangemouth,United Kingdom,56.016667,-3.716667,Europe
31940,Granton,United Kingdom,55.983333,-3.216667,Europe
31420,Gravesend,United Kingdom,51.45,0.366667,Europe
31580,Great Yarmouth,United Kingdom,52.616667,1.733333,Europe
33390,Greenock,United Kingdom,55.95,-4.75,Europe
31640,Grimsby,United Kingdom,53.583333,-0.0666669999999,Europe
31740,Hartlepool,United Kingdom,54.7,-1.183333,Europe
31530,Harwich,United Kingdom,51.95,1.283333,Europe
35200,Hayle,United Kingdom,50.183333,-5.416667,Europe
32370,Helmsdale Harbor,United Kingdom,58.116667,-3.65,Europe
34640,Heysham,United Kingdom,54.033333,-2.916667,Europe
34770,Holyhead,United Kingdom,53.316667,-4.633333,Europe
31972,Hound Point Terminal,United Kingdom,56,-3.366667,Europe
31665,Howdendyke,United Kingdom,53.733333,-0.883333,Europe
33515,Hunterston,United Kingdom,55.75,-4.883333,Europe
31650,Immingham,United Kingdom,53.633333,-0.2,Europe
32350,Invergordon,United Kingdom,57.683333,-4.166667,Europe
32330,Inverness,United Kingdom,57.483333,-4.233333,Europe
31550,Ipswich,United Kingdom,52.05,1.166667,Europe
31375,Isle Of Grain,United Kingdom,51.433333,0.7,Europe
32420,Kettletoft,United Kingdom,59.233333,-2.6,Europe
33145,Kilkeel,United Kingdom,54.05,-5.983333,Europe
33780,Kilroot,United Kingdom,54.733333,-5.716667,Europe
31610,King's Lynn,United Kingdom,52.75,0.4,Europe
31660,Kingston Upon Hull,United Kingdom,53.75,-0.283333,Europe
32440,Kirkwall,United Kingdom,58.983333,-2.966667,Europe
32900,Kyle Of Lochalsh,United Kingdom,57.283333,-5.716667,Europe
32910,Kyleakin,United Kingdom,57.266667,-5.733333,Europe
33310,Lamlash Harbor,United Kingdom,55.533333,-5.116667,Europe
33985,Lancaster,United Kingdom,54.05,-2.783333,Europe
33500,Largs,United Kingdom,55.8,-4.866667,Europe
33790,Larne,United Kingdom,54.85,-5.8,Europe
31930,Leith,United Kingdom,55.983333,-3.183333,Europe
32600,Lerwick,United Kingdom,60.167,-1.15,Europe
35610,Littlehampton Harbour,United Kingdom,50.783333,-0.533333,Europe
34690,Liverpool,United Kingdom,53.416667,-3,Europe
34650,Liverpool Bay Terminal,United Kingdom,53.533333,-3.55,Europe
33160,Lochaline,United Kingdom,56.55,-5.766667,Europe
32990,Lochboisdale,United Kingdom,57.15,-7.3,Europe
32955,Lochmaddy,United Kingdom,57.6,-7.166667,Europe
31470,London,United Kingdom,51.5,-0.0833329999999,Europe
33830,Londonderry,United Kingdom,55,-7.316667,Europe
32300,Lossiemouth,United Kingdom,57.716667,-3.283333,Europe
31570,Lowestoft,United Kingdom,52.483333,1.75,Europe
32490,Lyness,United Kingdom,58.833333,-3.2,Europe
32250,Macduff,United Kingdom,57.666667,-2.5,Europe
33090,Mallaig,United Kingdom,57,-5.816667,Europe
34700,Manchester,United Kingdom,53.483333,-2.266667,Europe
32070,Methil,United Kingdom,56.183333,-3,Europe
35300,Mevagissey,United Kingdom,50.266667,-4.783333,Europe
34880,Milford Haven,United Kingdom,51.716667,-5.033333,Europe
33520,Millport,United Kingdom,55.75,-4.916667,Europe
32200,Montrose,United Kingdom,56.7,-2.466667,Europe
34685,Mostyn,United Kingdom,53.316667,-3.266667,Europe
34970,Neath,United Kingdom,51.633333,-3.833333,Europe
31668,New Holland,United Kingdom,53.7,-0.366667,Europe
35650,Newhaven Harbour,United Kingdom,50.783333,0.0500000000001,Europe
35240,Newlyn,United Kingdom,50.1,-5.55,Europe
35015,Newport,United Kingdom,51.55,-2.983333,Europe
33250,Oban,United Kingdom,56.416667,-5.466667,Europe
33460,Old Kilpatrick,United Kingdom,55.916667,-4.466667,Europe
33060,Ornsay,United Kingdom,57.15,-5.8,Europe
35170,Padstow,United Kingdom,50.55,-4.933333,Europe
35330,Par,United Kingdom,50.35,-4.7,Europe
35250,Penzance,United Kingdom,50.116667,-5.533333,Europe
32180,Perth,United Kingdom,56.4,-3.45,Europe
32230,Peterhead,United Kingdom,57.5,-1.783333,Europe
32410,Pierowall,United Kingdom,59.317777778,-2.988611111,Europe
32890,Plockton,United Kingdom,57.333333,-5.65,Europe
35370,Plymouth,United Kingdom,50.366667,-4.15,Europe
35480,Poole Harbour,United Kingdom,50.683333,-1.95,Europe
33280,Port Ellen,United Kingdom,55.633333,-6.2,Europe
34980,Port Talbot,United Kingdom,51.583333,-3.816667,Europe
35450,Portland Harbour,United Kingdom,50.583333,-2.433333,Europe
32360,Portmahomack Harbor,United Kingdom,57.833333,-3.833333,Europe
32930,Portree Harbor,United Kingdom,57.416667,-6.2,Europe
35600,Portsmouth Harbour,United Kingdom,50.8,-1.1,Europe
35715,Ramsgate,United Kingdom,51.333333,1.416667,Europe
33480,Renfrew,United Kingdom,55.883333,-4.383333,Europe
31980,Rosyth,United Kingdom,56.016667,-3.433333,Europe
33470,Rothesay Dock,United Kingdom,55.9,-4.4,Europe
33370,Rothesay Harbor,United Kingdom,55.833333,-5.05,Europe
35690,Rye Harbour,United Kingdom,50.933333,0.766667,Europe
32590,Scalloway,United Kingdom,60.133333,-1.283333,Europe
32500,Scapa Bay,United Kingdom,58.95,-2.983333,Europe
31690,Scarborough,United Kingdom,54.283333,-0.4,Europe
32780,Scrabster Harbor,United Kingdom,58.616667,-3.55,Europe
31750,Seaham,United Kingdom,54.833333,-1.316667,Europe
35040,Sharpness,United Kingdom,51.716667,-2.483333,Europe
31370,Sheerness,United Kingdom,51.45,0.75,Europe
35630,Shoreham Harbour,United Kingdom,50.816667,-0.25,Europe
34590,Silloth,United Kingdom,54.866667,-3.4,Europe
32460,South Ness,United Kingdom,58.8,-3.2,Europe
32470,St Margarets Hope,United Kingdom,58.833333,-2.95,Europe
35210,St. Mary's (Scilly Isl.),United Kingdom,49.916667,-6.316667,Europe
33020,Stornoway Harbor,United Kingdom,58.183333,-6.366667,Europe
33570,Stranraer,United Kingdom,54.9,-5.033333,Europe
32450,Stromness,United Kingdom,58.966667,-3.3,Europe
32630,Sullom Voe,United Kingdom,60.466667,-1.3,Europe
31760,Sunderland,United Kingdom,54.916667,-1.366667,Europe
34950,Swansea,United Kingdom,51.616667,-3.95,Europe
33030,Tarbert,United Kingdom,57.9,-6.816667,Europe
31720,Teesport,United Kingdom,54.65,-1.133333,Europe
35415,Teignmouth Harbour,United Kingdom,50.55,-3.5,Europe
31376,Thamesport,United Kingdom,51.433333,0.7,Europe
31430,Tilbury,United Kingdom,51.466667,0.333333,Europe
33140,Tobermory,United Kingdom,56.616667,-6.066667,Europe
35410,Torquay Harbour,United Kingdom,50.466667,-3.533333,Europe
33550,Troon,United Kingdom,55.55,-4.683333,Europe
31765,Tynemouth,United Kingdom,55,-1.4,Europe
32950,Uig,United Kingdom,57.583333,-6.35,Europe
32820,Ullapool,United Kingdom,57.9,-5.15,Europe
31830,Warkworth Harbour,United Kingdom,55.333333,-1.583333,Europe
33680,Warren Point,United Kingdom,54.1,-6.25,Europe
35110,Watchet Harbor,United Kingdom,51.183333,-3.333333,Europe
35460,Weymouth Harbour,United Kingdom,50.616667,-2.45,Europe
31700,Whitby,United Kingdom,54.483333,-0.616667,Europe
32430,Whitehall,United Kingdom,59.133333,-2.6,Europe
31360,Whitstable,United Kingdom,51.366667,1.033333,Europe
32380,Wick,United Kingdom,58.433333,-3.083333,Europe
31600,Wisbech,United Kingdom,52.666667,0.15,Europe
34610,Workington,United Kingdom,54.566667,-3.633333,Europe
35560,Yarmouth Harbour,United Kingdom,50.7,-1.5,Europe
7630,Brooklyn,United States,40.666667,-74.016667,North America
